pwsname,wellname,deq.facility.hydroid,deq.facility.name,deq.mp.hydroid,deq.mp.name,deq.permit.adminid,deq.permit_id,deq.permit_ftype,jan_mgd,feb_mgd,mar_mgd,apr_mgd,may_mgd,jun_mgd,jul_mgd,aug_mgd,sep_mgd,oct_mgd,nov_mgd,dec_mgd
Achsah Acres ,Well-1,410352,Achsah Acres,410353,Well 1,410350,VWUDS Achsah Acres,vwuds,0.0007,0.00016,0.00011,0.00008,0.00003,0.00001,0.00005,0.00011,0.00069,0.00163,0.00194,0.00084
Achsah Acres ,Well-2,410352,Achsah Acres,410355,Well 2,410350,VWUDS Achsah Acres,vwuds,0.00017,0.00009,0.00006,0.00005,0.00002,0,0.00003,0.00007,0.00041,0.00097,0.00069,0.00039
Achsah Acres ,Well-4,410352,Achsah Acres,410357,Well 4,410350,VWUDS Achsah Acres,vwuds,0.00205,0.00361,0.00261,0.00352,0.00333,0.00326,0.00436,0.00394,0.00359,0.0029,0.00195,0.00403
Alonzaville ,Well-1,73830,SMALL SYSTEMS,65259,ALONZAVILLE WELL #1 2 CUSTMRS,70931,NA,vdeq_vwuds,0.00027,0.00023,0.00023,0.00024,0.00038,0.00041,0.00022,0.00028,0.00022,0.00027,0.00027,0.00021
Anchor Cove ,Well-1,72596,ANCHOR COVE/ANCHORAGE ,65650,Well 1,69697,NA,vdeq_vwuds,0.00604,0,0,0.0004,0.00001,0,0,0,0.00001,0,0,0
Anchor Cove ,Well-2,72596,ANCHOR COVE/ANCHORAGE ,65098,Well 2,69697,NA,vdeq_vwuds,0.00543,0.00383,0.00502,0.00362,0.00481,0.00297,0.00618,0.00651,0.0062,0.00425,0.00588,0.00329
Ashmore ,Well-1,73830,SMALL SYSTEMS,64568,ASHMORE WELL #1,70931,NA,vdeq_vwuds,0.00107,0.00152,0.00116,0.00113,0.00171,0.00106,0.00135,0.00125,0.00094,0.00125,0.00095,0.00081
Avondale ,Well-1-Avondale-Sedgemoore Cr-4085047,67093,Avondale Robin Ridge,501,Avondale #1,66115,GW0002401,vdeq_gwp,0.02763,0.01305,0.00385,0.04544,0.06077,0.04622,0.0487,0.04804,0.01096,0.04985,0.04597,0.04445
Avondale ,Well-1-Robin Ridge-9161 Fenway Dr,67093,Avondale Robin Ridge,530,Robin Ridge #1,66115,GW0002401,vdeq_gwp,0.01015,0.03104,0.03174,0.00036,0.00239,0.00143,0.00805,0.01085,0.04181,0.01187,0.00237,0.0004
Avondale ,Well-2-Avondale-Kent Ford Dr-4085047,67093,Avondale Robin Ridge,566,Avondale #2,66115,GW0002401,vdeq_gwp,0.01708,0.00225,0.00926,0.00027,0.00024,0.00021,0.00061,0.00262,0.0034,0.00124,0.00014,0.00021
Back Road ,Well-1,73830,SMALL SYSTEMS,64579,BACK ROAD WELL 1    10 CUSTMRS,70931,NA,vdeq_vwuds,0.00131,0.00114,0.00035,0,0,0.00056,0.00232,0.00109,0.00079,0.00027,0.00067,0.00041
Back Road ,Well-2,73830,SMALL SYSTEMS,64450,BACK ROAD WELL 2    10 CUSTMRS,70931,NA,vdeq_vwuds,0,0,0,0.00098,0.00149,0.00153,0.00326,0.00646,0.0003,0.00114,0.00074,0.00086
Ball Point ,Well-1A,73830,SMALL SYSTEMS,64504,BALL POINT  WELL #1A,70931,NA,vdeq_vwuds,0.00107,0.00333,0.00297,0.00065,0.00095,0.00191,0.00212,0.00128,0.00379,0.00074,0.00214,0.00276
Bell Acres ,Well-1,73830,SMALL SYSTEMS,64580,BELL ACRES WELL #1,70931,NA,vdeq_vwuds,0.00292,0.00365,0.00301,0.00309,0.00291,0.004,0.00345,0.0035,0.00315,0.00301,0.00391,0.00348
Black Creek ,Well-1,73830,SMALL SYSTEMS,64581,BLACK CREEK WELL #1,70931,NA,vdeq_vwuds,0.00085,0.00214,0.00214,0.0029,0.00519,0.00346,0.00294,0.00241,0.00263,0.00326,0.00267,0.00222
Black Stump ,Well-1,73830,SMALL SYSTEMS,64609,BLACK STUMP WELL #1,70931,NA,vdeq_vwuds,0.00231,0.00195,0.00229,0.00227,0.0031,0.0023,0.00408,0.00335,0.0025,0.00267,0.0021,0.00209
Blue Ridge Heights ,Well-2,72588,BLUE RIDGE HGHTS SERVICE AREA,59237,WELL #2,69689,NA,vdeq_vwuds,0.00239,0.00239,0.00248,0.00207,0.00223,0.00213,0.00206,0.00335,0.003,0.00381,0.00207,0.00174
Blue Ridge Heights ,Well-6,72588,BLUE RIDGE HGHTS SERVICE AREA,59540,WELL #6,69689,NA,vdeq_vwuds,0.02765,0.02264,0.01935,0.02507,0.02248,0.02237,0.02106,0.02377,0.01793,0.02284,0.01993,0.01835
Bon Harbors ,Well-1A,73785,BON HARBOUR SERVICE AREA,59200,WELL 1A,70886,NA,vdeq_vwuds,0.00077,0.00115,0.00088,0.00133,0.00185,0.00353,0.00414,0.00414,0.00178,0.00079,0.00128,0.00083
Botetourt Forest ,Well-1,71723,BOTETOURT FOREST,68424,Well 1,68824,NA,vdeq_vwuds,0.0131,0.00757,0.00826,0.00697,0.00816,0.01083,0.00932,0.00706,0.00787,0.00384,0.00733,0.00703
British Woods ,Well-1,73830,SMALL SYSTEMS,191631,British Woods Well #1,70931,NA,vdeq_vwuds,0.01348,0.01204,0.01061,0.01407,0.01177,0.01107,0.01458,0.01161,0.0118,0.01358,0.0118,0.01158
Brookwood Manor ,Well-1 (Bladder Tanks),73613,Brookwood Manor,382,Well #1,66203,GW0009800,vdeq_gwp,0.00003,0.00254,0.00307,0.00009,0.00008,0.00033,0.00007,0.00004,0.001,0.00043,0.00184,0.00003
Brookwood Manor ,Well-2 (Storage Station),73613,Brookwood Manor,391,Well #2,66203,GW0009800,vdeq_gwp,0.00974,0.00689,0.00843,0.00868,0.01115,0.01546,0.00954,0.01081,0.00826,0.00832,0.01026,0.00946
Browns Store ,Well-1,410363,Browns Store,410364,Well 1,410359,VWUDS Browns Store,vwuds,0.00236,0.00096,0.00092,0.00128,0.00109,0.0011,0.00132,0.0013,0.00109,0.00419,0.00485,0.00085
Brunswick Estates ,Well-1,72602,Brunswick Estates,65207,Well 1,69703,NA,vdeq_vwuds,0.00115,0.00091,0.00145,0.00132,0.00166,0.0012,0.00108,0.00145,0.00095,0.00117,0.00069,0
Brunswick Estates ,Well-2,72602,Brunswick Estates,65610,Well 2,69703,NA,vdeq_vwuds,0.00204,0.00158,0.00219,0.00248,0.00454,0.0019,0.00398,0.00222,0.00157,0.00486,0.0065,0.00437
Buckhead ,Well-1,72820,BUCKHEAD SUBDIVISION,65092,Well 1,69921,NA,vdeq_vwuds,0.00199,0.00149,0.00437,0.00061,0.00174,0.00276,0.00254,0.00294,0.00232,0.00214,0.00386,0.00208
Buckhead ,Well-2,72820,BUCKHEAD SUBDIVISION,65626,Well 2,69921,NA,vdeq_vwuds,0.00192,0.00217,0.00258,0.00187,0.00144,0.00173,0.00159,0.00209,0.00139,0.00139,0.0023,0.00133
Bunker Hill ,Well-1,73830,SMALL SYSTEMS,64610,BUNKER HILL WELL #1,70931,NA,vdeq_vwuds,0.00075,0.00069,0.00067,0.00076,0.00074,0.00102,0.00109,0.00094,0.00067,0.00058,0.0008,0.00079
Burgess ,Well-2,67060,Burgess Public Water Supply,168977,#2,66806,GW00157EU,vdeq_gwp,0.00194,0.0018,0.00206,0.00272,0.00397,0.00323,0.00367,0.00603,0.00341,0.00457,0.00852,0.00409
Burgess ,Well-2A,67060,Burgess Public Water Supply,168979,#2A,66806,GW00157EU,vdeq_gwp,0.0034,0.00315,0.00392,0.00407,0.00556,0.00469,0.00418,0.00666,0.00378,0.00523,0.00957,0.00469
Bushfield ,Well-1,73796,BUSHFIELD SERVICE AREA,63645,BUSHFIELD WELL,70897,NA,vdeq_vwuds,0.00235,0.00156,0.00206,0.00199,0.00213,0.00322,0.0028,0.00287,0.00229,0.00233,0.00323,0.00194
Callao ,Well-1,67321,Callao Public Water System,90529,#1,66807,GW00158EU,vdeq_gwp,0.00121,0.00755,0.00892,0.01041,0.0055,0.00548,0.00225,0.00749,0.00423,0.01129,0.0059,0.00345
Callao ,Well-2-outside,67321,Callao Public Water System,90530,#2,66807,GW00158EU,vdeq_gwp,0.01113,0.00675,0.00782,0.00429,0.01227,0.00746,0.00665,0.00113,0.00467,0.00619,0.0147,0.01428
Callao ,Well-3-inside,67321,Callao Public Water System,90531,#3,66807,GW00158EU,vdeq_gwp,0.01458,0.00449,0.00508,0.00089,0.00285,0.00919,0.00956,0.01633,0.01348,0.00213,0.00006,0.00013
Campbells Creek ,Well-1 In Pump Station,72642,CAMPBELLS CREEK SERVICE AREA,59232,WELL #1,69743,NA,vdeq_vwuds,0.00001,0.00004,0.00005,0.00095,0.00002,0,0.00001,0.00035,0.00001,0.00001,0.00001,0
Campbells Creek ,Well-2 Remote Well,72642,CAMPBELLS CREEK SERVICE AREA,62925,WELL #2,69743,NA,vdeq_vwuds,0,0.00002,0.00002,0.00041,0.00001,0,0.00001,0.00015,0,0,0,0
Campbells Creek ,Well-6,72642,CAMPBELLS CREEK SERVICE AREA,65219,WELL #6,69743,NA,vdeq_vwuds,0.02519,0.01788,0.01603,0.01739,0.0212,0.01601,0.01616,0.01891,0.01534,0.01937,0.0159,0.0153
Captain's Cove Water ,Well-2,67257,"Captain's Cove Utility Company, Inc.",31,#2,66784,GW0044600,vdeq_gwp,0.0135,0.01619,0.01419,0.01857,0.01937,0.02302,0.0311,0.02588,0.01893,0.0197,0.01916,0.02511
Captain's Cove Water ,Well-3,67257,"Captain's Cove Utility Company, Inc.",36,#3,66784,GW0044600,vdeq_gwp,0.00854,0.01058,0.00993,0.01252,0.01335,0.01709,0.02537,0.01756,0.01235,0.01258,0.0121,0.00723
Captain's Cove Water ,Well-3U,67257,"Captain's Cove Utility Company, Inc.",273,#3U,66784,GW0044600,vdeq_gwp,0.0229,0.02859,0.02679,0.03383,0.03846,0.03124,0.02373,0.04797,0.033,0.03289,0.02851,0.01774
Captain's Cove Water ,Well-4,67257,"Captain's Cove Utility Company, Inc.",225,#4,66784,GW0044600,vdeq_gwp,0.02488,0.01158,0.01052,0.01318,0.01497,0.01658,0.02514,0.01871,0.01319,0.01202,0.01436,0.01885
Captain's Cove Water ,Well-4U,67257,"Captain's Cove Utility Company, Inc.",274,#4U,66784,GW0044600,vdeq_gwp,0.05707,0.02689,0.02442,0.03083,0.03487,0.03848,0.05758,0.04268,0.03026,0.03104,0.03338,0.04309
Catalpa ,Well-1,410368,Catalpa,410369,Well 1,410366,VWUDS Catalpa,vwuds,0.00251,0.00247,0.00202,0.00226,0.00224,0.00196,0.0026,0.00247,0.00248,0.003,0.00321,0.0025
Cedar Brooke ,Well-1,71691,CEDARBROOKE,68430,Well 1,68792,NA,vdeq_vwuds,0.00374,0.00521,0.00468,0.00412,0.00677,0.00425,0.00554,0.0074,0.00515,0.00708,0.0046,0.00418
Cedar Brooke ,Well-2,71691,CEDARBROOKE,68441,Well 2,68792,NA,vdeq_vwuds,0.00294,0.0041,0.00258,0.00322,0.00526,0.00328,0.00369,0.00341,0.00285,0.0027,0.00357,0.0032
Cedar Pointe ,Well-1,67685,Cedar Pointe,90532,#1,67659,GW00128EU,vdeq_gwp,0.00551,0,0,0,0.00529,0.00431,0.00707,0.00528,0.00396,0.00387,0.0032,0.00298
Cedar Pointe ,Well-1A,67685,Cedar Pointe,90533,#1A,67659,GW00128EU,vdeq_gwp,0.00435,0.00622,0.00441,0.00713,0.00463,0.00355,0.00582,0.00435,0.00326,0.00316,0.00263,0.00246
Cherrydale ,Well-1,67206,Cherrydale,506,#1,66122,GW0002801,vdeq_gwp,0.00046,0.00182,0.00734,0.00782,0.007,0.00983,0.00008,0.0117,0.00018,0.00026,0.00007,0.00018
Cherrydale ,Well-2,67206,Cherrydale,528,#2,66122,GW0002801,vdeq_gwp,0.05495,0.03805,0.02643,0.02847,0.04282,0.03744,0.04715,0.03763,0.04146,0.04363,0.0365,0.04232
Chesapeake Bay Estates ,Well-1A-outside next to building,67423,Chesapeake Bay Estates,164027,#1A,66842,GW00159EU,vdeq_gwp,0.00272,0.00107,0.00152,0.00006,0.00002,0.0019,0.00045,0.00005,0.00004,0.00004,0.00002,0.00002
Chesapeake Bay Estates ,Well-2-Across Street,67423,Chesapeake Bay Estates,164029,#2,66842,GW00159EU,vdeq_gwp,0.00938,0.00405,0.00268,0.00754,0.00775,0.01196,0.01358,0.01876,0.01944,0.04231,0.00742,0.00687
Chesapeake Shores ,Well-1,73777,CHESAPEAKE SHORES SERVICE AREA,59193,WELL #1A,70878,NA,vdeq_vwuds,0.00143,0.00114,0.0009,0.00145,0.00238,0.00409,0.00595,0.00608,0.00308,0.00196,0.00158,0.00311
Chesdin Manor ,Well-1,71982,CHESDIN MANOR SUBDIVISION,64714,Well 1,69083,NA,vdeq_vwuds,0.0129,0.01369,0.0132,0.01483,0.01459,0.02045,0.01489,0.01852,0.01333,0.01193,0.01737,0.01588
Chesdin Manor ,Well-2,71982,CHESDIN MANOR SUBDIVISION,65645,Well 2,69083,NA,vdeq_vwuds,0.00356,0.00406,0.00247,0.00144,0.00265,0.00243,0.0029,0.00252,0.00313,0.00351,0.00254,0.00001
Churchfields ,Well-1,73830,SMALL SYSTEMS,59043,CHURCHFIELDS WELL #1,70931,NA,vdeq_vwuds,0.00248,0.00234,0.00174,0.00229,0.00218,0.00145,0.00291,0.00266,0.00235,0.00233,0.00219,0.00262
Churchill ,Well-2,73830,SMALL SYSTEMS,64476,CHURCHILL WELL #2,70931,NA,vdeq_vwuds,0.00428,0.00208,0.0039,0.00239,0.00318,0.00168,0.00398,0.00273,0.00149,0.00299,0.00269,0.00213
Churchill ,Well-4,73830,SMALL SYSTEMS,64582,CHURCHILL WELL #4,70931,NA,vdeq_vwuds,0.00298,0.00322,0.00212,0.00221,0.00451,0.00349,0.00484,0.00402,0.00219,0.00439,0.00396,0.00312
Churchill ,Well-6,73830,SMALL SYSTEMS,64612,CHURCHILL WELL #6,70931,NA,vdeq_vwuds,0.00355,0.00167,0.00339,0.0021,0.00415,0.00147,0.0034,0.00235,0.0054,0.00275,0.00248,0.00192
Cliffs on the Roanoke ,Well-1,72009,CLIFFS ON THE ROANOKE,65093,Well 1,69110,NA,vdeq_vwuds,0.00751,0.00533,0.00593,0.00517,0.00721,0.00547,0.00655,0.0044,0.00399,0.00385,0.00381,0.00368
Cobbs Shore ,Well-1,73830,SMALL SYSTEMS,64583,COBBS SHORE WELL #1,70931,NA,vdeq_vwuds,0.00264,0.00222,0.00222,0.00256,0.00292,0.00225,0.00277,0.00229,0.00192,0.00209,0.00253,0.00187
Colonial Forest ,Well-1,67451,Colonial Forest,525,#1,66130,GW0003201,vdeq_gwp,0.00577,0.00456,0.00014,0.00431,0.00724,0.01065,0.00185,0.00644,0.00004,0.00014,0.00004,0.00003
Colonial Forest ,Well-2,67451,Colonial Forest,543,#2,66130,GW0003201,vdeq_gwp,0.00455,0.00628,0.00878,0.00416,0.0055,0.0011,0.00882,0.00765,0.01071,0.01092,0.00933,0.00977
Columbia ,Well-1,73830,SMALL SYSTEMS,64554,COLUMBIA WELL #1,70931,NA,vdeq_vwuds,0.00046,0.00018,0.00022,0.00058,0.00154,0.00124,0.00092,0.00116,0.00033,0.00035,0.00014,0.00015
Columbia ,Well-2,73830,SMALL SYSTEMS,64584,Columbia Well 2,70931,NA,vdeq_vwuds,0.00471,0.00379,0.00391,0.0039,0.00189,0.00205,0.00265,0.0028,0.00339,0.00409,0.00352,0.00326
Corbin Lewis ,Well-1,410373,Corbin Lewis,410374,Well 1,410371,VWUDS Corbin Lewis,vwuds,0.00224,0.00494,0.00404,0.00363,0.00351,0.00352,0.00297,0.00561,0.00337,0.00398,0.00361,0.00431
Cove Colony ,Well-1,73746,COVE COLONY SERVICE AREA,64403,WELL,70847,NA,vdeq_vwuds,0.00163,0.00121,0.00102,0.00128,0.00112,0.00237,0.00217,0.00234,0.00174,0.00269,0.00363,0.00185
Crossroads ,Well-1A,410378,Crossroads,410379,Well 1A,410376,VWUDS Crossroads,vwuds,0.00112,0.00083,0.00121,0.00107,0.00197,0.00189,0.00217,0.00109,0.00108,0.00108,0.00154,0.00122
Crozier ,Well-1A,73830,SMALL SYSTEMS,64630,CROZIER   WELL #1A,70931,NA,vdeq_vwuds,0.00248,0.00177,0.00137,0.00182,0.00186,0.00176,0.00221,0.00191,0.00172,0.00352,0.00276,0.00193
Daingerfield ,Well-1-inside,67690,Daingerfield,90546,Well 1,67653,GW00129EU,vdeq_gwp,0.0009,0.00106,0.00055,0.00179,0.00288,0.00136,0.00441,0.00237,0.00225,0.00065,0.00094,0.00067
Drysdale Subdivision ,Well-1,73604,DRYSDALE,59441,Well 1,70705,NA,vdeq_vwuds,0.00351,0.00205,0.0021,0.00175,0.00248,0.00196,0.00237,0.00186,0.00122,0.00239,0.00264,0.00223
Drysdale Subdivision ,Well-2,73604,DRYSDALE,61067,Well 2,70705,NA,vdeq_vwuds,0,0.00001,0,0,0,0.00011,0,0,0,0,0,0
Dutch Hollow ,Well-1,74452,Dutch Hollow Subdivision,59488,Well 1,71553,NA,vdeq_vwuds,0.00739,0.00691,0.00666,0.00704,0.00786,0.00623,0.00853,0.0097,0.00574,0.00675,0.00637,0.00544
Dutch Hollow ,Well-2,74452,Dutch Hollow Subdivision,63971,Well 2,71553,NA,vdeq_vwuds,0.00616,0.00444,0.0056,0.00588,0.00641,0.00534,0.00593,0.00439,0.00519,0.00613,0.0058,0.00492
Earlysville Forest ,EP001,73830,SMALL SYSTEMS,410381,Earlysville Forest Well EP001,70931,NA,vdeq_vwuds,0.00911,0.00828,0.00867,0.01012,0.0112,0.00923,0.01315,0.01158,0.01154,0.01403,0.00835,0.00707
Earlysville Forest ,Well-1,73830,SMALL SYSTEMS,64614,EARLYSVILLE FOREST WELL #1,70931,NA,vdeq_vwuds,0.00187,0.00203,0.00142,0.00224,0.00203,0.00135,0.00259,0.0016,0.00259,0.00257,0.00145,0.00027
Earlysville Forest ,Well-3,73830,SMALL SYSTEMS,64309,Earlysville Forest Well 3,70931,NA,vdeq_vwuds,0.00096,0.00143,0.00109,0.00164,0.00166,0.00097,0.00263,0.00151,0.002,0.00202,0.00099,0.00037
Earlysville Forest ,Well-4,73830,SMALL SYSTEMS,64598,EARLYSVILLE FOREST WELL #4,70931,NA,vdeq_vwuds,0.00229,0.0022,0.00164,0.00271,0.00133,0.00158,0.0027,0.002,0.00339,0.0033,0.00203,0.0008
Earlysville Forest ,Well-5,73830,SMALL SYSTEMS,64528,EARLYSVILLE FOREST WELL #5,70931,NA,vdeq_vwuds,0.00259,0.01439,0.01448,0.01175,0.0189,0.00891,0.01703,0.01125,0.01957,0.01891,0.01078,0.00393
Earlysville Forest ,Well-6,73830,SMALL SYSTEMS,64632,EARLYSVILLE FOREST WELL #6,70931,NA,vdeq_vwuds,0.00086,0.00105,0.00058,0.00213,0.00291,0.00147,0.00379,0.00194,0.00327,0.0032,0.00186,0.00072
Earlysville Forest ,Well-7,73830,SMALL SYSTEMS,410383,Earlysville Forest Well 7,70931,NA,vdeq_vwuds,0.00575,0.00582,0.00388,0.00675,0.00564,0.00507,0.00183,0.00456,0.00502,0.00594,0.00525,0.00539
Earlysville Forest ,Well-8,73830,SMALL SYSTEMS,64552,EARLYSVILLE FOREST WELL #8,70931,NA,vdeq_vwuds,0.01181,0.01139,0.00904,0.01238,0.01026,0.00944,0.01248,0.0088,0.00831,0.01045,0.00847,0.00563
Earlysville Forest ,Well-9,73830,SMALL SYSTEMS,59945,Earlysville Forest Well 9,70931,NA,vdeq_vwuds,0,0,0,0,0,0,0,0,0,0,0,0
Edinburg Extended ,Well-2,73830,SMALL SYSTEMS,64299,EDINBURG EXTENDED WELL #2,70931,NA,vdeq_vwuds,0.00433,0.00388,0.0038,0.00374,0.0051,0.00454,0.0048,0.00963,0.00386,0.00641,0.00477,0.00274
Elsinore ,Well-1,67034,Elsinore Public Water System,90547,#1,66788,GW00127EU,vdeq_gwp,0.00523,0.00451,0.00304,0.00348,0.00417,0.00309,0.00375,0.00418,0.00318,0.00761,0.008,0.00311
Elsinore ,Well-1A,67034,Elsinore Public Water System,90548,#1A,66788,GW00127EU,vdeq_gwp,0.00556,0.00479,0.00323,0.00371,0.00447,0.00332,0.004,0.00441,0.00335,0.00797,0.00842,0.00327
Five Lakes ,Well-1,67317,Five Lakes #1 Water System,381,#1,66191,GW0008600,vdeq_gwp,0.00504,0.01024,0.01168,0.00726,0.00885,0.00301,0.00338,0.01103,0.00033,0.00006,0.00012,0.00007
Five Lakes ,Well-3 (Storage Station),67317,Five Lakes #1 Water System,1113,#3,66191,GW0008600,vdeq_gwp,0.00852,0.00073,0.00081,0.00242,0.00448,0.01233,0.00851,0.00573,0.01266,0.01185,0.01333,0.00985
Forestview ,Well-1,73847,FOREST VIEW SUBDIVISION,64228,Well 1,70948,NA,vdeq_vwuds,0.00259,0.00585,0.00277,0.00344,0.00268,0.00304,0.00274,0.00327,0.00256,0.00318,0.00255,0.00274
Fox Run ,Well-2,74095,FOXRUN/CHAMPION FOREST SHORES,65613,Well 2,71196,NA,vdeq_vwuds,0.0037,0.00285,0.00416,0.00357,0.00325,0.00414,0.00227,0.00368,0.00307,0.00196,0.00372,0.0027
Fox Run ,Well-3,74095,FOXRUN/CHAMPION FOREST SHORES,65614,Well 3,71196,NA,vdeq_vwuds,0.00425,0.00221,0.00431,0.00286,0.00293,0.00544,0.0052,0.00444,0.00405,0.00379,0.00431,0.00252
Fox Run ,Well-4,74095,FOXRUN/CHAMPION FOREST SHORES,65615,Well 4,71196,NA,vdeq_vwuds,0.00737,0.00324,0.00779,0.0042,0.00436,0.01102,0.01183,0.00755,0.00732,0.00645,0.00621,0.00383
Foxwell ,Well-1A,67409,Foxwells Community Water System,176308,#1A,66826,GW00150EU,vdeq_gwp,0.00005,0.00018,0.00026,0.00008,0.00006,0.00004,0.00007,0.00005,0.00017,0.00027,0.00006,0.00006
Foxwell ,Well-2,67409,Foxwells Community Water System,176310,#2,66826,GW00150EU,vdeq_gwp,0.00845,0.02443,0.01,0.01008,0.00516,0.00908,0.01034,0.01136,0.04547,0.01536,0.00338,0.00395
Franklin Acres ,Well-1,73820,FRANKLIN ACRES SERVICE AREA,59520,WELL #1,70921,NA,vdeq_vwuds,0.00668,0.00625,0.00555,0.00637,0.00677,0.00623,0.00658,0.00745,0.00563,0.00677,0.0061,0.00632
Franklin Acres ,Well-2,73820,FRANKLIN ACRES SERVICE AREA,59506,WELL #2,70921,NA,vdeq_vwuds,0,0,0,0,0,0,0,0,0,0,0,0
Franklin Acres ,Well-3,73820,FRANKLIN ACRES SERVICE AREA,68470,Well 3,70921,NA,vdeq_vwuds,0.00461,0.00436,0.00394,0.0043,0.00419,0.0041,0.00452,0.00529,0.0041,0.00471,0.0043,0.00439
Gibson Mills Subdivision ,Well-1,73794,Gibson Mill Subdivision,59084,Well 1,70895,NA,vdeq_vwuds,0.00161,0.00138,0.00114,0.00143,0.00137,0.00179,0.00167,0.00153,0.00157,0.00168,0.00145,0.0018
Glebe Point ,Well-1A,73628,GLEBE POINT SERVICE AREA,60533,WELL 1A,70729,NA,vdeq_vwuds,0.00384,0.00384,0.00344,0.00465,0.00618,0.00545,0.00603,0.00683,0.00635,0.00706,0.00769,0.00514
Glendale Acres ,Well-1,66963,Alpha Water Company -Glendale Acres,65257,WELL #1,66407,PA086,vdeq_gwp,0.00426,0.00426,0.00438,0.00333,0.00388,0.00452,0.00389,0.00404,0.00355,0.00354,0.00464,0.00319
Graveltown ,Well-1,73830,SMALL SYSTEMS,64555,GRAVEL TOWN #1- 14 CUSTOMERS,70931,NA,vdeq_vwuds,0.00122,0.00095,0.00117,0.00101,0.00129,0.00105,0.00113,0.0014,0.0011,0.00119,0.00116,0.00091
Great Creek Landing ,Well-1,72010,GREAT CREEK LANDING/TUDOR ESTATES,65096,Well 1,69111,NA,vdeq_vwuds,0.01379,0.01068,0.01144,0.01062,0.00883,0.00976,0.01143,0.00971,0.00742,0.00511,0.00683,0.00897
Great Creek Landing ,Well-2,72010,GREAT CREEK LANDING/TUDOR ESTATES,65656,Well 2,69111,NA,vdeq_vwuds,0,0,0,0.00004,0.00447,0.00422,0.00442,0.00619,0.00391,0.00349,0.00396,0.00569
Great Creek Landing ,Well-3,72010,GREAT CREEK LANDING/TUDOR ESTATES,65619,Well 3,69111,NA,vdeq_vwuds,0,0,0.00003,0.00004,0,0,0,0,0,0,0,0
Gwynnfield ,Well-1A,67092,Gwynnfield Subdivision,90544,#1A,67642,GW00130EU,vdeq_gwp,0.00481,0.00409,0.00456,0.01719,0.00984,0.01387,0.01196,0.0026,0.00106,0.00306,0.01796,0.01246
Gwynnfield ,Well-2,67092,Gwynnfield Subdivision,90545,#2,67642,GW00130EU,vdeq_gwp,0.01247,0.01286,0.00738,0.00515,0.00953,0.00288,0.0094,0.01758,0.01898,0.01095,0.00483,0.00697
Hanover Farms ,Well-2,67406,Hanover Farms,535,#2,66124,GW0002901,vdeq_gwp,0.00689,0.00532,0.00518,0.00629,0.00682,0.00542,0.0088,0.00597,0.00761,0.00443,0.00543,0.00495
Hanover Farms ,Well-3-remote,67406,Hanover Farms,594,#3,66124,GW0002901,vdeq_gwp,0.01353,0.01052,0.0104,0.01207,0.01342,0.01065,0.01472,0.00963,0.0143,0.00828,0.01015,0.00943
Hawks Nest Point ,Well-1,72012,HAWKS NEST POINT,65097,Well 1,69113,NA,vdeq_vwuds,0.00195,0.00196,0.00134,0.00185,0.00206,0.0028,0.00378,0.00246,0.00187,0.002,0.00198,0.00186
Hazel River ,Well-1,74377,Hazel River Subdivision,59508,Well 1,71478,NA,vdeq_vwuds,0.00187,0.00143,0.00155,0.00153,0.00224,0.00149,0.00173,0.00182,0.00156,0.00167,0.00164,0.00132
Heatherstone ,Well-1,71747,HEATHERSTONE,68426,Well 1,68848,NA,vdeq_vwuds,0.0099,0.00714,0.0049,0.0041,0.00516,0.00593,0.00542,0.00687,0.00453,0.00645,0.0059,0.00384
Heatherstone ,Well-2,71747,HEATHERSTONE,68446,Well 2,68848,NA,vdeq_vwuds,0.00248,0.00214,0.00568,0.00477,0.00587,0.00713,0.00635,0.0079,0.00527,0.00555,0.00597,0.00439
Heathsville ,Well-2-outside,66949,Heathsville Public Water System,170611,#2 166-00155,66809,GW00160EU,vdeq_gwp,0.00031,0.00008,0.00011,0.00006,0.00012,0.00048,0.00019,0.00011,0.00009,0.00048,0.00033,0.00008
Heathsville ,Well-3,66949,Heathsville Public Water System,170613,#3 166-00128,66809,GW00160EU,vdeq_gwp,0.01421,0.01075,0.01321,0.01063,0.01362,0.01503,0.0132,0.01395,0.00859,0.0121,0.011,0.00862
Heritage Estates ,Well-2,410387,Heritage Estates,410388,Well 2,410385,VWUDS Heritage Estates,vwuds,0.0093,0.01049,0.00416,0.00515,0.0043,0.00641,0.00539,0.00657,0.00602,0.00721,0.00605,0.00644
Hicks Hill ,Well-1,73827,HICKS HILL SUBDIVISION,65099,Well,70928,NA,vdeq_vwuds,0.0023,0.00232,0.00239,0.00257,0.00301,0.00191,0.0027,0.0021,0.00204,0.00213,0.00211,0.0022
High Point Farms ,Well-1,67158,High Point Farms,508,#1,66132,GW0003301,vdeq_gwp,0.01191,0.01059,0.01107,0.01149,0.01611,0.01129,0.01785,0.01317,0.0121,0.01297,0.01094,0.0098
Holler ,Well-1,73830,SMALL SYSTEMS,191652,HOLLER WELL #1,70931,NA,vdeq_vwuds,0,0,0,0,0.00075,0.00203,0.00237,0.00181,0.00073,0.00261,0.00235,0.00213
Holler ,Well-2,73830,SMALL SYSTEMS,64350,HOLLER WELL  #2,70931,NA,vdeq_vwuds,0.00766,0.00714,0.00723,0.00645,0.0049,0.00265,0.00275,0.00412,0.00431,0.00314,0.00256,0.0029
Holler ,Well-3,73830,SMALL SYSTEMS,59855,HOLLER WELL  #3,70931,NA,vdeq_vwuds,0.00413,0.00398,0.00363,0.00367,0.00443,0.00372,0.00396,0.00567,0.00558,0.00525,0.005,0.00293
Indian Creek ,Well-2,67347,Indian Creek Estates Public Water System,179183,#2 (DEQ# 166-00067),66803,GW00161EU,vdeq_gwp,0.00524,0.00207,0.00306,0.00294,0.00487,0.00365,0.00488,0.00472,0.0029,0.00344,0.00332,0.00265
Indian Creek ,Well-2A,67347,Indian Creek Estates Public Water System,179189,#2A (DEQ# 166-00125),66803,GW00161EU,vdeq_gwp,0.00263,0.00535,0.00662,0.00635,0.0105,0.00786,0.01062,0.01024,0.00632,0.00732,0.00697,0.00553
Indian Creek ,Well-3-Well Offline,67347,Indian Creek Estates Public Water System,179193,#3 - Inactive,66803,GW00161EU,vdeq_gwp,0,0,0,0,0,0,0,0,0,0,0,0
Indian River ,Plant Main,67450,Indian River Water Company,442908,Plant Main,66356,GW0040801,vdeq_gwp,0.11844,0.10041,0.0869,0.07131,0.08576,0.07865,0.08253,0.06869,0.0563,0.06293,0.05585,0.0653
Indian River ,Well-1A,67450,Indian River Water Company,1085,#1A,66356,GW0040801,vdeq_gwp,0.00142,0.0015,0.00171,0,0,0,0,0,0,0,0,0
Indian River ,Well-2A,67450,Indian River Water Company,1736,#2A,66356,GW0040801,vdeq_gwp,0.02897,0.02618,0.03248,0.02915,0.03403,0.03293,0.03875,0.04332,0.02894,0.04478,0.0409,0.03785
Indian River ,Well-3,67450,Indian River Water Company,1079,#3,66356,GW0040801,vdeq_gwp,0.03054,0.02836,0.03536,0.02894,0.03309,0.03133,0.03231,0.0424,0.03483,0.0405,0.03111,0.02855
Indian River ,Well-4,67450,Indian River Water Company,1077,#4,66356,GW0040801,vdeq_gwp,0.03176,0.02984,0.03726,0.03038,0.03491,0.03042,0.03254,0.04082,0.03182,0.03109,0.02845,0.02626
Indian River ,Well-5,67450,Indian River Water Company,1080,#5,66356,GW0040801,vdeq_gwp,0.0044,0.00485,0.00642,0.00524,0.00701,0.00419,0,0,0,0,0,0
Irvington ,Well-2,67063,Irvington,90537,West #2,66836,GW00151EU,vdeq_gwp,0.03175,0.01953,0.02419,0.03047,0.0392,0.03576,0.04675,0.04455,0.0301,0.03495,0.0222,0.01507
Irvington ,Well-2A,67063,Irvington,90538,#2A,66836,GW00151EU,vdeq_gwp,0.0342,0.01828,0.02403,0.03038,0.04074,0.03728,0.0527,0.04752,0.03277,0.03533,0.01686,0.00879
James River Estates ,Well-1,73807,JAMES RIVER EST SERVICE AREA,64284,WELL #1,70908,NA,vdeq_vwuds,0,0,0,0,0,0,0,0,0,0,0,0
James River Estates ,Well-1A,73807,JAMES RIVER EST SERVICE AREA,59209,WELL #1A,70908,NA,vdeq_vwuds,0,0,0,0,0,0,0,0,0,0,0,0
James River Estates ,Well-2,73807,JAMES RIVER EST SERVICE AREA,64278,WELL #2,70908,NA,vdeq_vwuds,0.00241,0.00388,0.00324,0.00315,0.0044,0.00547,0.00478,0.00544,0.00432,0.005,0.00439,0.00403
James River Estates ,Well-2A,73807,JAMES RIVER EST SERVICE AREA,64283,WELL #2A,70908,NA,vdeq_vwuds,0.00418,0.00837,0.0069,0.00577,0.00707,0.0088,0.00641,0.00637,0.00411,0.00386,0.00316,0.00276
Joyceville/Holly Grove ,Well-1,72621,JOYCEVILLE SUBDIVISION/HOLLY GROVE ESTATES,65100,Well 1,69722,NA,vdeq_vwuds,0.01111,0.00874,0.00818,0.0091,0.01216,0.01099,0.01211,0.01082,0.00866,0.00794,0.01127,0.00985
Joyceville/Holly Grove ,Well-2,72621,JOYCEVILLE SUBDIVISION/HOLLY GROVE ESTATES,65620,Well 2,69722,NA,vdeq_vwuds,0.01626,0.01349,0.01262,0.01399,0.01857,0.01586,0.01384,0.01732,0.0138,0.01258,0.01882,0.0138
Kinsale ,Well-1-inside,67103,Kinsale,169894,#1,66817,GW00166EU,vdeq_gwp,0.00535,0.00658,0.00099,0.00194,0.00185,0.00354,0.00335,0.00363,0.00289,0.003,0.00335,0.00373
Kinsale ,Well-1A-outside,67103,Kinsale,169900,#1A,66817,GW00166EU,vdeq_gwp,0.00806,0.00896,0.01535,0.00907,0.00908,0.01032,0.00328,0.00356,0.00284,0.00294,0.00328,0.00366
Lake Caroline ,Well 1A,71762,LAKE CAROLINE,68427,Well 1A,68863,NA,vdeq_vwuds,0.03035,0.02494,0.02534,0.02831,0.02809,0.02365,0.03167,0.02752,0.02477,0.0256,0.02608,0.02326
Lake Caroline ,Well 1B,71762,LAKE CAROLINE,191653,Well 1B,68863,NA,vdeq_vwuds,0.0667,0.0536,0.0541,0.05994,0.08299,0.0881,0.09817,0.13459,0.06622,0.06743,0.05604,0.05177
Lake Caroline ,Well 1C,71762,LAKE CAROLINE,191655,Well 1C,68863,NA,vdeq_vwuds,0.11343,0.09379,0.09535,0.10594,0.1064,0.08963,0.11878,0.10409,0.09488,0.10105,0.10023,0.09286
Lake Gaston Colony/Kennon House ,Well-1,73795,Kennan House/Lake Gaston Colony,410390,Well 1,70896,NA,vdeq_vwuds,0.0028,0.00072,0.00143,0.00091,0.00119,0.00111,0.00095,0.00144,0.00111,0.00106,0.00145,0.00152
Lake Holiday ,Well-10,73276,LK HOLIDAY ESTATE (THE SUMMIT),64701,Well 10,70377,NA,vdeq_vwuds,0.01917,0.01901,0.01873,0.01667,0.02117,0.01838,0.01609,0.00838,0.00149,0.01175,0.00655,0.00761
Lake Holiday ,Well-10A,73276,LK HOLIDAY ESTATE (THE SUMMIT),64703,Well 10a,70377,NA,vdeq_vwuds,0.0519,0.04902,0.04644,0.0396,0.04705,0.04267,0.03811,0.02391,0.00515,0.03129,0.03105,0.03636
Lake Holiday ,Well-2,73276,LK HOLIDAY ESTATE (THE SUMMIT),64718,WELL #2,70377,NA,vdeq_vwuds,0,0,0.00001,0,0,0,0,0,0,0,0,0
Lake Holiday ,Well-3,73276,LK HOLIDAY ESTATE (THE SUMMIT),58746,WELL #3,70377,NA,vdeq_vwuds,0,0,0.00008,0,0,0,0,0,0,0,0,0
Lake Holiday ,Well-4,73276,LK HOLIDAY ESTATE (THE SUMMIT),64762,WELL #4,70377,NA,vdeq_vwuds,0,0,0,0,0,0,0,0,0,0,0,0
Lake Holiday ,Well-6,73276,LK HOLIDAY ESTATE (THE SUMMIT),64704,WELL #6,70377,NA,vdeq_vwuds,0.02334,0.02439,0.01876,0.01522,0.01828,0.01865,0.02185,0.01353,0.01319,0.01349,0.01248,0.01083
Lake Holiday ,Well-7,73276,LK HOLIDAY ESTATE (THE SUMMIT),64705,WELL #7,70377,NA,vdeq_vwuds,0.01903,0.02108,0.01367,0.01085,0.01326,0.01289,0.02272,0.01953,0.03128,0.03118,0.02723,0.02305
Lake Holiday ,Well-8,73276,LK HOLIDAY ESTATE (THE SUMMIT),58741,WELL #8,70377,NA,vdeq_vwuds,0.10773,0.09533,0.06582,0.0589,0.07153,0.04605,0.05382,0.10593,0.06843,0.07025,0.06295,0.05478
Lake Holiday ,Well-9,73276,LK HOLIDAY ESTATE (THE SUMMIT),64710,WELL #9,70377,NA,vdeq_vwuds,0.02602,0.02138,0.01416,0.01078,0.01224,0.01195,0.01332,0.06325,0.04902,0.05073,0.04584,0.03922
Lake LandOr ,Well-10,73768,LAKE LAND 'OR SERVICE AREA,59856,WELL #10,70869,NA,vdeq_vwuds,0,0,0,0,0,0,0,0,0,0,0,0
Lake LandOr ,Well-11,73768,LAKE LAND 'OR SERVICE AREA,59230,WELL #11,70869,NA,vdeq_vwuds,0.0146,0.0088,0.01086,0.01081,0.01111,0.01483,0.01082,0.01479,0.01083,0.01332,0.01185,0.01033
Lake LandOr ,Well-12,73768,LAKE LAND 'OR SERVICE AREA,59231,WELL #12,70869,NA,vdeq_vwuds,0.11887,0.13375,0.1419,0.12157,0.11203,0.09703,0.10926,0.10655,0.10643,0.13132,0.11227,0.14
Lake LandOr ,Well-13,73768,LAKE LAND 'OR SERVICE AREA,64273,WELL #13,70869,NA,vdeq_vwuds,0.01338,0.01545,0.01564,0.01333,0.01134,0.01326,0.01078,0.01059,0.01037,0.01273,0.01087,0.00719
Lake LandOr ,Well-2,73768,LAKE LAND 'OR SERVICE AREA,65228,WELL #2,70869,NA,vdeq_vwuds,0.00457,0.00446,0.00276,0.0037,0.00434,0.00527,0.00329,0.00499,0.00377,0.00297,0.00415,0.00317
Lake LandOr ,Well-3,73276,LK HOLIDAY ESTATE (THE SUMMIT),58746,WELL #3,70377,NA,vdeq_vwuds,0.0237,0.00854,0.0067,0.02698,0.02669,0.03723,0.01632,0.00933,0.00932,0.02407,0.02649,0.02468
Lake LandOr ,Well-6,73768,LAKE LAND 'OR SERVICE AREA,64315,WELL #6 - NEED MAP,70869,NA,vdeq_vwuds,0.00941,0.0113,0.00027,0.01876,0.01338,0.02033,0.02549,0.0115,0.00718,0.01075,0.01283,0.01398
Lake LandOr ,Well-7,73768,LAKE LAND 'OR SERVICE AREA,65226,WELL #7,70869,NA,vdeq_vwuds,0.03659,0.0109,0.00782,0.01707,0.02064,0.03248,0.03381,0.03664,0.03241,0.02339,0.01166,0.01425
Lake LandOr ,Well-8,73768,LAKE LAND 'OR SERVICE AREA,59016,WELL #8,70869,NA,vdeq_vwuds,0.01436,0.01391,0.01299,0.01333,0.0053,0.00135,0.01546,0.01901,0.01769,0.01877,0.02025,0.01732
Lake LandOr ,Well-9,73768,LAKE LAND 'OR SERVICE AREA,59836,WELL #9,70869,NA,vdeq_vwuds,0.01614,0.00857,0.0006,0.00912,0.01206,0.01184,0.01937,0.02145,0.0179,0.01632,0.01221,0.00852
Lake Shawnee ,Well-5,73806,LAKE SHAWNEE SERVICE AREA,60972,WELL #5,70907,NA,vdeq_vwuds,0.00759,0.00685,0.00045,0.00001,0,0,0,0,0,0,0,0
Lake Shawnee ,Well-6,73806,LAKE SHAWNEE SERVICE AREA,64281,WELL #6,70907,NA,vdeq_vwuds,0.0089,0.0082,0.00055,0.00439,0.00278,0.00692,0.01129,0.00833,0.00048,0.00228,0.00277,0.01014
Lake Shawnee ,Well-7,73806,LAKE SHAWNEE SERVICE AREA,68482,Well #7,70907,NA,vdeq_vwuds,0.00014,0.00223,0.01636,0.01024,0.01373,0.011,0.00479,0.00879,0.01155,0.01854,0.01885,0.00997
Lake Wilderness ,Well-1,72573,LAKE WILDERNESS SERVICE AREA,61027,WELL #1,69674,NA,vdeq_vwuds,0.01547,0.01038,0.00675,0.01396,0.01235,0.00764,0.0127,0.01562,0.00067,0,0,0
Lake Wilderness ,Well-2,72573,LAKE WILDERNESS SERVICE AREA,59510,WELL #2,69674,NA,vdeq_vwuds,0.01082,0.00973,0.00851,0.00884,0.00469,0,0.00326,0.00972,0.00953,0.00636,0.00952,0.01009
Lake Wilderness ,Well-4,72573,LAKE WILDERNESS SERVICE AREA,64025,WELL #4,69674,NA,vdeq_vwuds,0.02968,0.02091,0.01815,0.02304,0.02849,0.02686,0.02946,0.02557,0.01838,0.01577,0.02779,0.04019
Lake Wilderness ,Well-4A,72573,LAKE WILDERNESS SERVICE AREA,60465,WELL #4A,69674,NA,vdeq_vwuds,0.03704,0.02722,0.03898,0.03142,0.03904,0.03642,0.04029,0.03578,0.02522,0.02162,0.03781,0.04768
Lake Wilderness ,Well-5A,72573,LAKE WILDERNESS SERVICE AREA,65623,Well 5A,69674,NA,vdeq_vwuds,0.01634,0.01719,0.01639,0.01561,0.01356,0.01804,0.01694,0.02319,0.03122,0.02955,0.02724,0.02075
Lake Wilderness ,Well-6,72573,LAKE WILDERNESS SERVICE AREA,59534,WELL #6,69674,NA,vdeq_vwuds,0.0173,0.01484,0.01227,0.01371,0.01645,0.01244,0.01371,0.01581,0.00889,0.01513,0.01304,0.01257
Lake Wilderness ,Well-7,72573,LAKE WILDERNESS SERVICE AREA,60511,WELL #7,69674,NA,vdeq_vwuds,0.01463,0.02169,0.01569,0.01152,0.01543,0.01448,0.01877,0.0152,0.00924,0.02533,0.01404,0.01258
Lake Wilderness ,Well-8,72573,LAKE WILDERNESS SERVICE AREA,59210,WELL #8,69674,NA,vdeq_vwuds,0.05814,0.04576,0.05209,0.05947,0.05145,0.04866,0.03858,0.05136,0.04877,0.06362,0.04613,0.04167
Lakeside Village Section 1 ,Well-2-(Old Sec. 1 Well),72618,LAKESIDE VILLAGE SERVICE AREA,64205,WELL #2 (Old Sec. 1 Well),69719,NA,vdeq_vwuds,0.0076,0.0038,0.0046,0.00675,0.00622,0.00366,0.00253,0.003,0.00214,0.00415,0.00386,0.00393
Lakeside Village Section 1 ,Well-3-(Old Sec. 2),72618,LAKESIDE VILLAGE SERVICE AREA,62605,WELL #3 (Old Sect. 2 Well),69719,NA,vdeq_vwuds,0.0036,0.00634,0.00451,0.00363,0.0042,0.00041,0.00239,0.00102,0.00183,0.00006,0.00048,0.00299
Lancaster Courthouse ,Well-1A,67424,Lancaster Courthouse,170591,#1A - 151-00117,66839,GW00152EU,vdeq_gwp,0.00275,0.00055,0.00073,0.00079,0.00104,0.00085,0.00047,0.00077,0.00081,0.00129,0.00106,0.00089
Lancaster Courthouse ,Well-2,67424,Lancaster Courthouse,170593,#2 - 151-00116 ,66839,GW00152EU,vdeq_gwp,0.00782,0.0038,0.00691,0.00596,0.00717,0.00555,0.00731,0.00616,0.00579,0.00659,0.00601,0.00592
Lancaster Shores ,Well-1A,73830,SMALL SYSTEMS,64602,LANCASTER SHORES WELL #1A,70931,NA,vdeq_vwuds,0.00413,0.002,0.00224,0.00226,0.00595,0.00287,0.00217,0.00244,0.0019,0.0018,0.00235,0.0022
Lane View ,Well-1,73812,LANE VIEW SUBDIVISION,65084,Well,70913,NA,vdeq_vwuds,0.00153,0.00183,0.0014,0.00151,0.00155,0.0018,0.00189,0.00213,0.00243,0.00211,0.0026,0.0019
Lewis Mountain ,Well-1,72582,Lewis Mountain ,59513,Well,69683,NA,vdeq_vwuds,0.00022,0.00115,0.00113,0.00117,0.00106,0.00118,0.00101,0.00124,0.0011,0.00109,0.00141,0.00107
Liberty Grove ,Well-1,72069,LIBERTY GROVE,65068,Well,69170,NA,vdeq_vwuds,0.00191,0.00076,0.00103,0.00087,0.00072,0.0006,0.00061,0.00106,0.00054,0.0005,0.00099,0.00114
Lively ,Well-1,67277,Lively Public Water System,90539,#1,66801,GW00153EU,vdeq_gwp,0,0,0,0,0,0,0,0,0,0,0,0
Lively ,Well-1A,67277,Lively Public Water System,440810,Well-1A (REPLACEMENT WELL),66801,GW00153EU,vdeq_gwp,0.00039,0,0,0.00048,0.00128,0.01277,0.01054,0.01061,0.00766,0.00628,0.00711,0.01064
Lively ,Well-2,67277,Lively Public Water System,90540,#2,66801,GW00153EU,vdeq_gwp,0.02569,0.01568,0.01599,0.0147,0.01194,0.00709,0.00297,0.00771,0.006,0.00619,0.00952,0.00854
Long Branch Shores ,Well-1,73660,LONG BRANCH SHORES,65101,Well,70761,NA,vdeq_vwuds,0.01005,0.0135,0.00788,0.01314,0.0053,0.00548,0.00621,0.00515,0.00352,0.00708,0.0039,0.00451
Lottsburg ,Well-2-outside,67073,Lottsburg Public Water System,164041,#2,66815,GW00162EU,vdeq_gwp,0.00326,0.00268,0.00472,0.00272,0.00094,0.00364,0.00732,0.00826,0.00573,0.00615,0.00798,0.00601
Lottsburg ,Well-3-outside,67073,Lottsburg Public Water System,164043,#3,66815,GW00162EU,vdeq_gwp,0.00477,0.00342,0.00432,0.00283,0.00553,0.01066,0.0004,0.00004,0.00002,0.00017,0.00004,0.00003
Lucys Cove ,Well-1,73830,SMALL SYSTEMS,64633,LUCY'S COVE WELL #1,70931,NA,vdeq_vwuds,0.0003,0.00138,0.00117,0.00165,0.00253,0.00196,0.00297,0.00243,0.00181,0.00204,0.00169,0.00147
Luttrellville ,Well-1A-outside,67418,Luttrellville Water System,170686,#1A 179-00060,67640,GW00133EU,vdeq_gwp,0.00553,0.00538,0.00554,0.00521,0.006,0.00667,0.00619,0.00688,0.00693,0.00682,0.00752,0.00586
Mallard Bay ,Well-1,67105,Mallard Bay Public Water System,170688,#1,67635,GW00163EU,vdeq_gwp,0.00381,0.00877,0.00661,0.00795,0.008,0.00575,0.00329,0.00661,0.00602,0.00534,0.00191,0.00158
Mallard Bay ,Well-2,67105,Mallard Bay Public Water System,170690,#2,67635,GW00163EU,vdeq_gwp,0.00165,0.00019,0.0001,0.00027,0.00096,0.00209,0.00528,0.00205,0.00006,0.0019,0.00659,0.00344
Manakin Farms ,Well-10,73824,MANAKIN FARMS SERVICE AREA,64329,WELL #10,70925,NA,vdeq_vwuds,0.01195,0.00828,0.01079,0.00869,0.01873,0.01542,0.01938,0.02127,0.01379,0.017,0.01478,0.01379
Manakin Farms ,Well-11,73824,MANAKIN FARMS SERVICE AREA,59192,WELL #11,70925,NA,vdeq_vwuds,0.01622,0.01118,0.01433,0.01178,0.02621,0.02205,0.03068,0.0321,0.02053,0.02415,0.01053,0
Manakin Farms ,Well-12,73824,MANAKIN FARMS SERVICE AREA,59338,WELL #12,70925,NA,vdeq_vwuds,0.0091,0.00628,0.00805,0.0066,0.01433,0.012,0.01563,0.01687,0.01083,0.01289,0.01095,0.01012
Manakin Farms ,Well-6,73824,MANAKIN FARMS SERVICE AREA,64304,WELL #6,70925,NA,vdeq_vwuds,0.00367,0.00123,0.00492,0.00378,0.00747,0.00517,0.00212,0.00098,0.00238,0.00747,0.00821,0.00446
Manakin Farms ,Well-7,73811,WALNUT GROVE SERVICE AREA,64235,WALNUT GROVE WELL #1A,70912,NA,vdeq_vwuds,0.00864,0.006,0.00793,0.00641,0.01345,0.01118,0.01416,0.01553,0.01014,0.01242,0.01068,0.00981
Manakin Farms ,Well-9,73824,MANAKIN FARMS SERVICE AREA,64378,WELL #9,70925,NA,vdeq_vwuds,0,0.00002,0.00074,0,0,0,0,0,0,0,0,0
Maryfield ,Well-1B-outside,67683,Maryfield,410392,Well 1b Outside,67652,GW00131EU,vdeq_gwp,0.00176,0.00194,0.00129,0.00217,0.00097,0.00001,0.00256,0.00222,0.00205,0.00147,0.00199,0.00131
Massenutten View ,Well-2A,73830,SMALL SYSTEMS,64307,MASSENUTTEN VIEW WELL #2A,70931,NA,vdeq_vwuds,0.0086,0.00805,0.00942,0.00745,0.00733,0.0101,0.00853,0.01079,0.00862,0.00993,0.00862,0.0095
Mayfield Farms ,Well-2-Burnside Farms,73786,MAYFIELD FARMS SERVICE AREA,64322,BURNSIDE WELL #2,70887,NA,vdeq_vwuds,0.02449,0.02167,0.01802,0.01518,0.02371,0.01672,0.02279,0.01976,0.01582,0.0237,0.01371,0.02078
Mayfield Farms ,Well-2-Mayfield Farms,73786,MAYFIELD FARMS SERVICE AREA,59204,MAYFIELD WELL #2,70887,NA,vdeq_vwuds,0.00552,0.00366,0.00517,0.004,0.00473,0.00309,0,0,0,0,0,0
McKenny Acres ,Well-1,73279,MCKENNEY ACRES,65103,Well 1,70380,NA,vdeq_vwuds,0.00132,0.00099,0.001,0.00056,0.00124,0.00119,0.00149,0.00088,0.00081,0.00088,0.0012,0.00098
Merrimac ,Well-1,73852,Merrimac South,225735,Well 1,70953,NA,vdeq_vwuds,0.00738,0.00871,0.00948,0.00781,0.00857,0.00718,0.00841,0.0061,0.008,0.00816,0.00669,0.00685
Merrymount ,Well-1,71594,MERRYMOUNT SUBDIVISION,65102,Well 1,68695,NA,vdeq_vwuds,0.00541,0.00462,0.00339,0.00592,0.00601,0.00586,0.01274,0.00663,0.00705,0.00807,0.00798,0.00508
Mill Quarter Plantation ,Well-1,73617,MILL QUARTER PLANTATION,64379,MILL QUARTER WELL #1,70718,NA,vdeq_vwuds,0.00446,0.00138,0.00083,0.0029,0.002,0.00496,0.0042,0.00225,0.0022,0.00396,0.0011,0.00119
Mill Quarter Plantation ,Well-1A,73617,MILL QUARTER PLANTATION,62456,MILL QUARTER WELL #1A,70718,NA,vdeq_vwuds,0.00382,0.00207,0.00344,0.00947,0.00774,0.01575,0.01335,0.00697,0.00658,0.01274,0.00351,0.00356
Mill Quarter Plantation ,Well-2,73617,MILL QUARTER PLANTATION,60954,MILL QUARTER WELL #2,70718,NA,vdeq_vwuds,0.00874,0.01224,0.01253,0.00448,0.00873,0.00204,0.00623,0.0118,0.0078,0.00653,0.01077,0.00906
Millers Square ,Well-1-inside,410396,Millers Square,410397,Well 1 Inside,410394,VWUDS Millers Square,vwuds,0.003,0.00367,0.0034,0.00301,0.00325,0.00455,0.00476,0.00439,0.00404,0.0033,0.00414,0.00298
Mountain View-Apple Tree ,Well-11,73668,APPLE TREE VILLAGE S3/STEEPLEC,410399,Mountain View Well 11,70769,NA,vdeq_vwuds,0.009,0.00754,0.00681,0.00663,0.00939,0.00533,0.00697,0.00913,0.0075,0.00765,0.01,0.009
Mountain View-Apple Tree ,Well-12,73668,APPLE TREE VILLAGE S3/STEEPLEC,410401,Mountain View Well 12,70769,NA,vdeq_vwuds,0.051,0.04243,0.03871,0.03773,0.05219,0.04037,0.04206,0.05326,0.04353,0.04494,0.0591,0.05342
Mountain View-Apple Tree ,Well-15,73668,APPLE TREE VILLAGE S3/STEEPLEC,410403,Mountain View Well 15,70769,NA,vdeq_vwuds,0.0671,0.05757,0.05913,0.05193,0.08052,0.07417,0.06813,0.08268,0.06703,0.07119,0.08927,0.07871
Mountain View-Apple Tree ,Well-3,73668,APPLE TREE VILLAGE S3/STEEPLEC,64596,MT VIEW  WELL 3\APPLE TREE,70769,NA,vdeq_vwuds,0.02074,0.01764,0.01723,0.01703,0.02523,0.0193,0.02316,0.01739,0.0166,0.02035,0.0158,0.02006
Mountain View-Apple Tree ,Well-4,73668,APPLE TREE VILLAGE S3/STEEPLEC,64429,MT VIEW  WELL 4\APPLE TREE,70769,NA,vdeq_vwuds,0.00997,0.00875,0.008,0.00823,0.0109,0.00943,0.01129,0.00839,0.00803,0.00994,0.0079,0.00955
Mountain View-Apple Tree ,Well-5,73668,APPLE TREE VILLAGE S3/STEEPLEC,64430,MT VIEW  WELL 5\APPLE TREE,70769,NA,vdeq_vwuds,0.02077,0.01811,0.01677,0.01717,0.02532,0.0196,0.01939,0.02229,0.01693,0.01684,0.02073,0.02
Mountain View-Apple Tree ,Well-6,73668,APPLE TREE VILLAGE S3/STEEPLEC,64431,MT VIEW  WELL 6\APPLE TREE,70769,NA,vdeq_vwuds,0.0151,0.01318,0.01219,0.01243,0.01719,0.01387,0.01358,0.01561,0.012,0.01187,0.0146,0.01245
Mountain View-Apple Tree ,Well-7,73668,APPLE TREE VILLAGE S3/STEEPLEC,64432,MT VIEW  WELL 7\APPLE TREE,70769,NA,vdeq_vwuds,0.01674,0.01361,0.01352,0.01277,0.01713,0.0133,0.01935,0.01629,0.01657,0.02152,0.01723,0.02023
Mountain View-Apple Tree ,Well-8,73668,APPLE TREE VILLAGE S3/STEEPLEC,64597,MT VIEW  WELL 8\APPLE TREE,70769,NA,vdeq_vwuds,0.01765,0.0155,0.01423,0.01447,0.02148,0.01617,0.01603,0.01823,0.01393,0.01381,0.01703,0.01632
Mountainview MHP ,Well-1,71761,Mountain View #1,64473,Well Lower,68862,NA,vdeq_vwuds,0.0005,0.00059,0.00004,0.00039,0.00068,0.00063,0.00057,0.00058,0.00093,0.00153,0.00094,0.0011
Mountainview MHP ,Well-2,73822,Mountain View #2,59526,Well Upper,70923,NA,vdeq_vwuds,0.00117,0,0.00124,0.00112,0.00065,0.00087,0.00099,0.00099,0.00105,0.00055,0.00071,0.0005
Nomini Bay ,Well-1,67696,Nomini Bay Farms,90534,#1,67673,GW00167EU,vdeq_gwp,0.00529,0.00203,0.00287,0.00302,0.00381,0.00402,0.00592,0.00495,0.00356,0.00346,0.00341,0.0026
Nomini Bay ,Well-1A,67696,Nomini Bay Farms,90535,#1A,67673,GW00167EU,vdeq_gwp,0.00207,0.0008,0.00114,0.0012,0.00144,0.00167,0.0023,0.00192,0.00137,0.00134,0.00132,0.00101
Norman Acres ,Well-1,72627,Norman Acres,59525,Well 1,69728,NA,vdeq_vwuds,0.00456,0.00302,0.00425,0.00334,0.00424,0.00306,0.00416,0.00304,0.00247,0.00387,0.00642,0.00503
Northtown Village ,Well-1,410407,Northtown Village,410408,Well 1,410405,VWUDS Northtown Village,vwuds,0,0.00002,0.00001,0.00155,0.00198,0.00128,0.00311,0.00201,0.00153,0.0019,0.00086,0.00116
Northtown Village ,Well-2A,410407,Northtown Village,410410,Well 2A,410405,VWUDS Northtown Village,vwuds,0.00267,0.00168,0.00232,0.00054,0.00112,0.00162,0.00078,0.00156,0.0005,0.00106,0.00166,0.00084
Nottoway Acres ,Well-3,73630,NOTTOWAY ACRES AUBDIVISION,65611,Well 3,70731,NA,vdeq_vwuds,0.00211,0.00296,0.0017,0.00249,0.0034,0.00218,0.00298,0.00239,0.00229,0.00231,0.00192,0.00193
Oak Park ,Well-1,410414,Oak Park,410415,Well 1,410412,VWUDS Oak Park,vwuds,0.00179,0.00173,0.00152,0.00182,0.00161,0.00184,0.00218,0.00219,0.00171,0.00232,0.00201,0.00182
Oak Park ,Well-2,410414,Oak Park,410417,Well 2,410412,VWUDS Oak Park,vwuds,0.00068,0.0008,0.00072,0.00089,0.00069,0.00113,0.0009,0.00085,0.00069,0.00095,0.00084,0.00075
Oak Springs ,Well-1A,67219,Oak Springs Subdivision,909,#1A,66185,GW0007800,vdeq_gwp,0.05027,0.05006,0.02369,0.04623,0.03755,0.03525,0.05954,0.05219,0.04365,0.03057,0.02306,0.03343
Oak Springs ,Well-2,67219,Oak Springs Subdivision,891,#2 ,66185,GW0007800,vdeq_gwp,0.00023,0.01192,0.01859,0.00673,0.01851,0.029,0.0016,0.00228,0.00549,0.01715,0.03425,0.0099
Oakwood/Parkview ,Well-1,73774,OAKWOOD SERVICE AREA,64621,OAKWOOD / PARKVIEW WELL #1,70875,NA,vdeq_vwuds,0.01174,0.00825,0.00681,0.00843,0.00677,0.0067,0.00674,0.00597,0.00583,0.00616,0.00503,0.00126
Oakwood/Parkview ,Well-2,73774,OAKWOOD SERVICE AREA,64622,OAKWOOD / PARKVIEW WELL #2,70875,NA,vdeq_vwuds,0.02423,0.02239,0.01852,0.0229,0.01845,0.0183,0.01803,0.0149,0.01443,0.01542,0.01267,0.01374
Oakwood/Parkview ,Well-4,73774,OAKWOOD SERVICE AREA,64527,OAKWOOD / PARKVIEW WELL #4,70875,NA,vdeq_vwuds,0.00742,0.00618,0.00561,0.00787,0.00758,0.00823,0.01023,0.00929,0.0073,0.00829,0.00643,0.00545
Oakwood/Parkview ,Well-5,73774,OAKWOOD SERVICE AREA,64400,OAKWOOD / PARKVIEW WELL #5,70875,NA,vdeq_vwuds,0.01865,0.01525,0.01394,0.01713,0.01645,0.01767,0.02187,0.01587,0.01517,0.01658,0.01267,0.01081
Overlook Heights ,Well-2,74456,Overlook - Hayes,65233,Well 2,71557,NA,vdeq_vwuds,0.00613,0.00563,0.00454,0.00542,0.00532,0.00519,0.00577,0.00472,0.00486,0.00474,0.0041,0.00495
Overlook Heights ,Well-4,73675,Overlook - 4,59527,Well 4,70776,NA,vdeq_vwuds,0.00011,0.00005,0.00003,0.00004,0.00001,0.00003,0.00004,0.00004,0.00001,0.00002,0.00002,0.00003
Palmyra ,Well-1,73830,SMALL SYSTEMS,64604,PALMYRA WELL #1,70931,NA,vdeq_vwuds,0,0,0,0,0,0,0,0,0,0,0,0
Palmyra ,Well-2A,73830,SMALL SYSTEMS,64605,PALMYRA WELL #2A,70931,NA,vdeq_vwuds,0.00014,0.00004,0.00005,0.00052,0.00108,0.00325,0.00187,0.00132,0.00306,0.00047,0.00012,0.00052
Palmyra ,Well-3,73830,SMALL SYSTEMS,59038,PALMYRA WELL #3,70931,NA,vdeq_vwuds,0.0053,0.00474,0.0041,0.00443,0.00488,0.00149,0.00392,0.00375,0.00235,0.00294,0.00426,0.00541
Pelham Manor ,Well-1,73605,Pelham Manor,59529,Stunkle Well (Well 1),70706,NA,vdeq_vwuds,0.01635,0.01351,0.01272,0.01196,0.01074,0.01054,0.01149,0.01309,0.01,0.01359,0.00854,0.00356
Pelham Manor ,Well-2,73605,Pelham Manor,59883,AP Hill Well (Well 2),70706,NA,vdeq_vwuds,0.00004,0.0007,0.00006,0.00019,0.00521,0.0006,0.00015,0.00022,0.00181,0.00008,0.00515,0.01007
Pleasant Grove Estates ,Well-1,71985,PLEASANT GROVE SUBDIVISION,65094,Well,69086,NA,vdeq_vwuds,0.00524,0.00372,0.00389,0.0043,0.00415,0.00372,0.00386,0.00397,0.00334,0.00431,0.00411,0.00405
Pleasantview Estates ,Well-1,410421,Pleasantview Estates,410422,Well 1,410419,VWUDS Pleasantview Estates,vwuds,0.00155,0.00141,0.00148,0.00151,0.00119,0.00135,0.00124,0.0028,0.00163,0.00145,0.00221,0.00141
Poplar Corners Estates ,Well-1,72604,Popular Corners Subd,64316,Well,69705,NA,vdeq_vwuds,0.00103,0.00104,0.00092,0.00066,0.00118,0.00097,0.00056,0.00084,0.00044,0.00095,0.00087,0.00068
Powhatan Courthouse ,Well-2A,73851,POWHATAN Courthouse SERVICE AREA,61294,WELL #2A,70952,NA,vdeq_vwuds,0.04618,0.05145,0.03271,0.02229,0.0412,0.07616,0.06242,0.07609,0.02791,0.05275,0.03927,0.04961
Powhatan Courthouse ,Well-3,73851,POWHATAN Courthouse SERVICE AREA,64303,WELL #3,70952,NA,vdeq_vwuds,0.00008,0.00003,0.00007,0.00002,0.00002,0.00004,0.00004,0,0.00011,0,0,0
Powhatan Courthouse ,Well-3A,73851,POWHATAN Courthouse SERVICE AREA,61457,WELL #3A,70952,NA,vdeq_vwuds,0.00009,0.00003,0.00007,0.00002,0.00002,0.00004,0.00003,0.00001,0.00011,0,0.00006,0
Powhatan Courthouse ,Well-4,73851,POWHATAN Courthouse SERVICE AREA,410424,Well 4,70952,NA,vdeq_vwuds,0.03143,0.03032,0.03972,0.03245,0.02893,0.01957,0.01944,0.04986,0.03318,0.02127,0.01124,0.01783
Presidential Lakes ,Well 2,71730,PRESIDENTIAL LAKES,68445,Well 2,68831,NA,vdeq_vwuds,0.0379,0.03451,0.02554,0.02643,0.02875,0.02359,0.02618,0.03353,0.02608,0.00971,0.02355,0.02527
Presidential Lakes ,Well 2A,71730,PRESIDENTIAL LAKES,68431,Well 1,68831,NA,vdeq_vwuds,0.03188,0.02926,0.02183,0.02251,0.02442,0.02002,0.02217,0.02832,0.02234,0.02551,0.02998,0.02321
Rainbow Forest/Clearview ,Well-1-Rainbow Forest,73809,RAINBOW FOREST SERVICE AREA,59523,WELL #1,70910,NA,vdeq_vwuds,0.02777,0.02821,0.0239,0.0337,0.02874,0.03393,0.04245,0.02952,0.02213,0.02877,0.02377,0.0311
Rainbow Forest/Clearview ,Well-2-Clearview,73809,RAINBOW FOREST SERVICE AREA,64260,WELL #2  CLEARVIEW ESTATES,70910,NA,vdeq_vwuds,0.01252,0.01079,0.01023,0.0133,0.01274,0.01367,0.01639,0.01184,0.0099,0.01303,0.01087,0.00977
Rainbow Forest/Clearview ,Well-2-Rainbow Forest,73809,RAINBOW FOREST SERVICE AREA,60953,WELL #2,70910,NA,vdeq_vwuds,0.02894,0.02482,0.02294,0.03093,0.0231,0.02273,0.03139,0.02539,0.02113,0.02694,0.02423,0.02848
Rainbow Forest/Clearview ,Well-4-Rainbow Forest,73809,RAINBOW FOREST SERVICE AREA,59524,WELL #4,70910,NA,vdeq_vwuds,0.00977,0.00679,0.00545,0.00733,0.006,0.00677,0.00839,0.00597,0.0045,0.00529,0.005,0.00668
Rainbow Forest/Clearview ,Well-5-Rainbow Forest,73809,RAINBOW FOREST SERVICE AREA,59233,WELL #5,70910,NA,vdeq_vwuds,0.04526,0.03068,0.02819,0.03837,0.02894,0.03183,0.04045,0.03171,0.0254,0.03265,0.02903,0.03539
Ranier Estates ,Well-1,73686,RANIER ESTATES SERVICE AREA,63202,WELL,70787,NA,vdeq_vwuds,0.00215,0.00479,0.00293,0.00454,0.00494,0.00436,0.00475,0.0045,0.00587,0.00498,0.0037,0.00286
Reedville ,Well-2A-inside,66998,Reedville Public Water System,179796,Tower #2A 166-00137,66798,GW00164EU,vdeq_gwp,0.00231,0.00599,0.01371,0.01076,0.01166,0.02031,0.01993,0.01967,0.01544,0.02396,0.02788,0.00424
Reedville ,Well-3A,66998,Reedville Public Water System,182594,York #3A 166-00138,66798,GW00164EU,vdeq_gwp,0.01113,0.00284,0,0,0,0,0,0,0,0,0,0
Reedville ,Well-3B,66998,Reedville Public Water System,436200,Well 3B,66798,GW00164EU,vdeq_gwp,0,0,0,0.00241,0.005,0.0006,0.00153,0.00038,0.00021,0.00018,0.0041,0.00784
Rivers Bend Estates ,Well-1-inside,67242,Rivers Bend Estates,90528,#1,67631,GW00165EU,vdeq_gwp,0.00213,0.00212,0.00235,0.00202,0.00255,0.00442,0.00273,0.00283,0.00221,0.00267,0.00231,0.00214
Rolling Acres ,Well-1,73264,ROLLING ACRES I,64716,Well 1,70365,NA,vdeq_vwuds,0.00238,0.00151,0.00152,0.00173,0.00313,0.00245,0.00224,0.00349,0.00265,0.00312,0.00284,0.0027
Rural Point ,Well-1 Hartford Oaks,67095,Rural Point,569,#1,66126,GW0003001,vdeq_gwp,0.01952,0.0164,0.01126,0.01749,0.02513,0.02706,0.05377,0.03157,0.01882,0.0186,0.01056,0.01559
Rural Point ,Well-2 Breckenridge,67095,Rural Point,346,#2,66126,GW0003001,vdeq_gwp,0.01452,0.01258,0.01876,0.0238,0.03011,0.01971,0.02306,0.02839,0.02772,0.03555,0.02688,0.01558
Ryan ,Well-1,73830,SMALL SYSTEMS,63646,RYAN WELL #1,70931,NA,vdeq_vwuds,0.0009,0.00078,0.0009,0.00063,0.00086,0.00065,0.00074,0.00087,0,0,0,0
Salem Woods ,Well-1,73802,Salem Woods Subd,64275,Well,70903,NA,vdeq_vwuds,0.00047,0.00155,0.00091,0.00078,0.00118,0.00071,0.00089,0.00111,0.00091,0.00119,0.00096,0.00087
Saluda ,Well-2,67024,Town of Saluda,163926,#2,67643,GW00132EU,vdeq_gwp,0.03465,0.01616,0.01024,0.00592,0,0,0,0,0,0,0,0
Saluda ,Well-3,67024,Town of Saluda,163934,#3,67643,GW00132EU,vdeq_gwp,0.02222,0.01386,0.01699,0.02298,0.01372,0.02106,0.02588,0.01758,0.01778,0.01918,0.02206,0.01547
Saluda ,Well-4,67024,Town of Saluda,440837,Well-4,67643,GW00132EU,vdeq_gwp,0,0,0,0,0.01508,0.0216,0.02671,0.01695,0.01828,0.01876,0.01203,0.01574
School House Meadows ,Well-1,73830,SMALL SYSTEMS,64607,SCHOOL HOUSE MEADOWS WELL #1,70931,NA,vdeq_vwuds,0.00257,0.00137,0.00132,0.00173,0.00133,0.00199,0.0017,0.00193,0.00131,0.00111,0.00183,0.00146
Shawneeland ,Well-1,72626,SHAWNEE LAND UTILITIES CO,59437,SHAWNEELAND WELL #1,69727,NA,vdeq_vwuds,0.00543,0.0048,0.00388,0.00368,0.00481,0.00521,0.00554,0.00435,0.00327,0.00227,0.00339,0.00422
Shawneeland ,Well-2,72626,SHAWNEE LAND UTILITIES CO,59854,SHAWNEELAND WELL #2,69727,NA,vdeq_vwuds,0.00448,0.00384,0.00313,0.00296,0.00384,0.00413,0.00432,0.0033,0.00245,0.00175,0.0026,0.00327
Shawneeland ,Well-3,72626,SHAWNEE LAND UTILITIES CO,59460,SHAWNEELAND WELL #3,69727,NA,vdeq_vwuds,0.0071,0.00604,0.00673,0.00677,0.00762,0.00744,0.00822,0.00797,0.00797,0.00935,0.0147,0.00898
Shawneeland ,Well-4,72626,SHAWNEE LAND UTILITIES CO,59539,SHAWNEELAND WELL #4,69727,NA,vdeq_vwuds,0.00681,0.00546,0.00607,0.00608,0.00693,0.00677,0.00756,0.00737,0.00759,0.00912,0.01358,0.00781
Siouan Shores ,Siouan Shores Well-1,71986,SIOUAN SHORES SUBDIVISION,65109,Well 1,69087,NA,vdeq_vwuds,0.00233,0.00531,0.00105,0.00154,0.00596,0.00286,0.00271,0.00467,0.00447,0.00313,0.00277,0.00313
Siouan Shores ,Well-2-remote,71986,SIOUAN SHORES SUBDIVISION,65617,Well 2,69087,NA,vdeq_vwuds,0.00379,0.00488,0.00748,0.00159,0.00522,0.00463,0.00505,0.00314,0.00288,0.00145,0.00272,0.00157
Smith Creek ,Well-1,73830,SMALL SYSTEMS,64608,SMITH CR - WELL 1    5 CUSTMRS,70931,NA,vdeq_vwuds,0.00053,0.0004,0.00054,0.00042,0.00057,0.0005,0.00045,0.00057,0.00036,0.00044,0.00038,0.00048
Spring Meadows ,Well-1-Cherry Ln,66901,Spring Meadows and Meadowgate Water System,522,Spring Meadow #1 (Cherry Ln),66134,GW0003401,vdeq_gwp,0.00094,0.01105,0.00606,0.00027,0.00045,0.00843,0.00059,0.00459,0.0073,0.00772,0.00029,0.00027
Spring Meadows ,Well-2-Greenview Rd (Meadowgate),66901,Spring Meadows and Meadowgate Water System,538,Meadowgate #2 (Greenview Rd),66134,GW0003401,vdeq_gwp,0.02073,0.00428,0.00079,0.00029,0.02499,0.01481,0.04899,0.01423,0.01803,0.03601,0.02361,0.01273
Spring Meadows ,Well-2-Lilac Ln,66901,Spring Meadows and Meadowgate Water System,523,Spring Meadow #2 (Lilac Ln),66134,GW0003401,vdeq_gwp,0.0695,0.06545,0.07676,0.08095,0.06141,0.04734,0.03955,0.04928,0.03267,0.03177,0.03032,0.06229
Spring Meadows ,Well-3A-7239 Mechanicsville Tnpk,66901,Spring Meadows and Meadowgate Water System,67521,Spring Meadow #3A (7239 Mechanicsville Tnpke),66134,GW0003401,vdeq_gwp,0.00782,0.00041,0.00018,0.00036,0.0004,0.0069,0.00112,0.00257,0.00958,0.0054,0.01522,0.00495
Springwood ,Well-1A,73821,Springwood Subdivision,59521,Well 1,70922,NA,vdeq_vwuds,0.00093,0.00132,0.00087,0.00103,0.00125,0.00086,0.0012,0.00139,0.00133,0.00164,0.00158,0.00146
St. Tammany Landing ,Well-1,71708,ST. TAMMANYS LANDING,68423,Well 1,68809,NA,vdeq_vwuds,0.00028,0.00055,0.00026,0.0003,0.00047,0.0004,0.00033,0.00031,0.00028,0.00063,0.00066,0.00109
St. Tammany Landing ,Well-2,71708,ST. TAMMANYS LANDING,68443,Well 2,68809,NA,vdeq_vwuds,0.00285,0.00428,0.00279,0.00331,0.00434,0.00442,0.00582,0.00428,0.00445,0.00344,0.00224,0.00628
Stagecoach,Well-1,71740,STAGECOACH HILLS,68425,Well 1,68841,NA,vdeq_vwuds,0.0051,0.00417,0.00478,0.00483,0.00416,0.00581,0.00574,0.00483,0.0048,0.0036,0.00503,0.00432
Stoneburner ,Well-1,410428,Stoneburner,410429,Well 1,410426,VWUDS Stoneburner,vwuds,0.00104,0.00055,0.00048,0.00038,0.00047,0.0004,0.0004,0.00054,0.0004,0.00043,0.00033,0.00036
Stoney Creek Village/Wintergreen Valley ,Well-22,73830,SMALL SYSTEMS,191643,Stoney Creek Well #22,70931,NA,vdeq_vwuds,0.12406,0.02046,0.00181,0.0025,0.01097,0.01727,0.01281,0.01216,0.00833,0.01358,0.011,0.01152
Stoney Creek Village/Wintergreen Valley ,Well-24,73830,SMALL SYSTEMS,191644,Stoney Creek Well #24,70931,NA,vdeq_vwuds,0.01739,0.02539,0.01494,0.0185,0.02542,0.02407,0.02542,0.02374,0.02033,0.02839,0.0219,0.02474
Stoney Creek Village/Wintergreen Valley ,Well-25,73830,SMALL SYSTEMS,191645,Stoney Creek Well #25,70931,NA,vdeq_vwuds,0.0139,0.01936,0.02329,0.0145,0.01794,0.03703,0.03061,0.01594,0.0199,0.02271,0.01837,0.01648
Stoney Creek Village/Wintergreen Valley ,Well-26,73830,SMALL SYSTEMS,410431,Stoney Creek Village Well 26,70931,NA,vdeq_vwuds,0,0,0,0,0,0,0,0,0,0,0,0
Stony Springs ,Well-2,71988,STONY SPRINGS SUBDIVISION,64715,Well 2,69089,NA,vdeq_vwuds,0.01004,0.01085,0.00973,0.00615,0.00639,0.00781,0.00662,0.01132,0.00671,0.0073,0.0066,0.00605
Stony Springs ,Well-3,71988,STONY SPRINGS SUBDIVISION,65627,Well 3,69089,NA,vdeq_vwuds,0,0,0,0,0.00001,0.00008,0.00025,0.00038,0.00708,0.00004,0,0.00046
Stony Springs ,Well-4,71988,STONY SPRINGS SUBDIVISION,65607,Well 4,69089,NA,vdeq_vwuds,0,0,0.00003,0,0.00111,0,0,0,0,0,0,0
Sunnybrook ,Well-2,71987,SUNNYBROOK SUBDIVISION,65643,Well 2,69088,NA,vdeq_vwuds,0.00137,0.00109,0.00149,0.00118,0.00168,0.00141,0.00143,0.00146,0.00126,0.00136,0.00116,0.00111
Swover Creek ,Well-1,410435,Swover Creek,410436,Well 1,410433,VWUDS Swover Creek,vwuds,0.00045,0.00038,0.00043,0.00045,0.00054,0.00038,0.0004,0.0009,0.00091,0.00045,0.00039,0.00028
Tangle Wood A ,Well-1,73626,TANGLEWOOD SHORES-A,65108,Well 1,70727,NA,vdeq_vwuds,0.00131,0.00201,0.00105,0.00099,0.00097,0.00094,0.00103,0.00095,0.00075,0.00082,0.0008,0.00077
Tangle Wood L ,Well-1,73693,TANGLEWOOD SHORES-L,65104,Well,70794,NA,vdeq_vwuds,0.00036,0.00058,0.00036,0.00021,0.00021,0.00025,0.00058,0.00026,0.00019,0.00022,0.00022,0.00023
Tangle Wood N ,Well-1,73823,TANGLEWOOD SHORES-N,65105,Well,70924,NA,vdeq_vwuds,0.00079,0.00048,0.00037,0.00038,0.00042,0.00055,0.00055,0.00042,0.00039,0.00039,0.00043,0.00036
Tangle Wood U ,Well-1,72374,TANGLEWOOD SHORES-U,65106,Well 1,69475,NA,vdeq_vwuds,0.00251,0.00476,0.00555,0.00238,0.00283,0.00512,0.00674,0.00471,0.00367,0.00352,0.00277,0.00232
Tartan ,Well-1-Kingsland,66904,Tartan (Kingsland & Green),170599,"#1A, Kingsland ",66819,GW00154EU,vdeq_gwp,0.00547,0.0137,0.00442,0.0043,0.00002,0.00355,0.00819,0.00834,0.00452,0.00431,0.00478,0.00866
Tartan ,Well-2-The Greens,66904,Tartan (Kingsland & Green),170597,"#2, Green",66819,GW00154EU,vdeq_gwp,0.00008,0.00013,0.00024,0.00179,0.01117,0.00383,0.00647,0.00279,0.00283,0.0019,0.00098,0.00004
Timbuctu ,Well-3,71994,TIMBUCTU SUBDIVISION,65107,Well 3,69095,NA,vdeq_vwuds,0.00519,0.00273,0.00202,0.0039,0.00452,0.00751,0.00794,0.00604,0.00526,0.00406,0.00359,0.00464
Twin Cedars ,Well-1 Twin Cedars,410440,Twin Cedars,410441,Well 1 Twin Cedars,410438,VWUDS Twin Cedars,vwuds,0.00603,0.00543,0.00515,0.00429,0.00474,0.00479,0.00997,0.00761,0.0047,0.00636,0.0048,0.00377
Valley View ,Well-1,410445,Valley View,410446,Well 1 Valley View,410443,VWUDS Valley View,vwuds,0.0018,0.00193,0.00181,0.00183,0.00194,0.00223,0.00298,0.00244,0.00316,0.00434,0.00115,0.00119
Venter Heights ,Well-1A,73830,SMALL SYSTEMS,442909,Venter Heights Well #1A,70931,NA,vdeq_vwuds,0.01303,0.01705,0.00792,0.01801,0.02037,0.01891,0.01675,0.02291,0.0168,0.01977,0.01596,0.01345
Venter Heights ,Well-2,73830,SMALL SYSTEMS,191642,Venter Heights Well #2,70931,NA,vdeq_vwuds,0.00597,0.00007,0.00433,0.00015,0.00108,0.00014,0.00014,0.00022,0.00008,0.00011,0.00085,0.00206
Walnut Grove ,Well-1-Inside Well,67196,Walnut Grove,507,#1,66118,GW0002601,vdeq_gwp,0.00388,0.00228,0.00233,0.0022,0.00272,0.00232,0.00265,0.00281,0.00222,0.00231,0.00268,0.00192
Walnut Grove ,Well-1A-Outside Well,67196,Walnut Grove,546,#1A,66118,GW0002601,vdeq_gwp,0.00866,0.01239,0.01259,0.01214,0.01461,0.01233,0.01395,0.01388,0.0114,0.0118,0.01021,0.014
Weems ,Well-2,66916,Weems Public Water System,163946,"#2, North",66800,GW00155EU,vdeq_gwp,0.02175,0.01471,0.00502,0.00866,0.02617,0.02059,0.02653,0.02562,0.01739,0.02033,0.01571,0.01641
Weems ,Well-3A,66916,Weems Public Water System,163948,"#3A, South",66800,GW00155EU,vdeq_gwp,0.0072,0.00023,0.01466,0.01049,0.00247,0.00081,0.00852,0.00175,0.00111,0.00313,0.00222,0.005
Westover ,Well-1,73830,SMALL SYSTEMS,64444,WESTOVER WELL #1,70931,NA,vdeq_vwuds,0.00179,0.0025,0.00191,0.00217,0.00132,0.00174,0.00145,0.0017,0.00155,0.00144,0.00241,0.00192
White Oak ,Well-1,73614,white oak estates,59440,Well #1,70715,NA,vdeq_vwuds,0.01839,0.01518,0.01519,0.01863,0.01642,0.01547,0.01732,0.0179,0.01767,0.02187,0.02123,0.01542
White Oak ,Well-1 (Stratford Place),73817,STRATFORD PLACE SERVICE AREA,59236,WELL #1,70918,NA,vdeq_vwuds,0,0,0,0,0,0,0,0,0,0,0,0
White Oak ,Well-2,73614,white oak estates,59395,Well #2,70715,NA,vdeq_vwuds,0.03445,0.02836,0.02845,0.0349,0.03068,0.029,0.03265,0.03342,0.0331,0.0411,0.03983,0.02894
White Oak ,Well-2-Stratford Place,73817,STRATFORD PLACE SERVICE AREA,59522,WELL #2,70918,NA,vdeq_vwuds,0.01381,0.007,0.00735,0.00863,0.00903,0.00813,0.00829,0.01135,0.0101,0.01323,0.0075,0.00768
Whitestone ,Well-1,67287,White Stone Public Water System,90541,#1,66805,GW00156EU,vdeq_gwp,0.00017,0.00007,0.00011,0.00006,0.00027,0.00044,0.0002,0.00061,0.0001,0.00014,0.00028,0.00006
Whitestone ,Well-2,67287,White Stone Public Water System,90542,#2,66805,GW00156EU,vdeq_gwp,0.03715,0.02329,0.02395,0.02463,0.02505,0.03613,0.03219,0.03579,0.02846,0.03105,0.0329,0.02804
Wicomico Church ,Well-1A,73629,WICOMICO CHURCH SERVICE AREA,65249,WELL,70730,NA,vdeq_vwuds,0.00262,0.00289,0.00209,0.0026,0.00327,0.00292,0.00328,0.00314,0.00227,0.0025,0.00235,0.00228
Wicomico Ridge ,Well-1,73830,SMALL SYSTEMS,64615,WICOMICO RIDGE WELL #1,70931,NA,vdeq_vwuds,0.00073,0.00083,0.00077,0.00084,0.00076,0.00065,0.0008,0.00074,0.00081,0.00091,0.00075,0.00069
Wildwood Forest ,Well-2,73602,Wildwood Subd,65235,Well 2,70703,NA,vdeq_vwuds,0.00069,0.00156,0.00223,0.00226,0.00351,0.00236,0.00309,0.0025,0.00192,0.00263,0.00258,0.00213
Wildwood Forest ,Well-3,73602,Wildwood Subd,65234,Well 3,70703,NA,vdeq_vwuds,0.0107,0.00842,0.00686,0.00656,0.01088,0.00768,0.0101,0.00822,0.00636,0.00854,0.00869,0.00735
Windsor Park ,Well-1,66931,Alpha Water Company -Windsor Park,64651,WELL #1,66428,PA087,vdeq_gwp,0.00357,0.00338,0.00357,0.00271,0.00346,0.00377,0.00284,0.00358,0.00313,0.00301,0.00352,0.00269
Windy Gap ,Well-6,72589,WINDY GAP SERVICE AREA,59234,WELL #6,69690,NA,vdeq_vwuds,0.01184,0.00711,0.00681,0.0075,0.00748,0.00743,0.00745,0.00729,0.0067,0.00735,0.0071,0.0069
Wolftrap Woods ,Well-1,71584,Wolftrap Woods Subd,59528,Well 1,68685,NA,vdeq_vwuds,0.00229,0.00191,0.00216,0.00226,0.00262,0.00243,0.00304,0.0027,0.002,0.00248,0.0019,0.00218
Woodruff ,Well-1-outside next to building,66856,Woodruff Public Water System,883,#1,66108,GW0002001,vdeq_gwp,0.00439,0.00373,0.00368,0.00334,0.005,0.00539,0.00525,0.00464,0.00398,0.00466,0.00673,0.00309
Woodruff ,Well-1A-outside backside,66856,Woodruff Public Water System,67530,#1-A,66108,GW0002001,vdeq_gwp,0.00542,0.00459,0.00451,0.00409,0.00611,0.00655,0.00636,0.00562,0.00481,0.00563,0.00436,0.00374
