"","date","gage.flow","model.flow"
"6484","2001-10-01",241,410.74497438109
"6485","2001-10-02",230,382.143367488437
"6486","2001-10-03",223,354.772428096082
"6487","2001-10-04",216,329.656627171897
"6488","2001-10-05",207,307.920648596827
"6489","2001-10-06",206,344.859274165111
"6490","2001-10-07",218,406.109029522346
"6491","2001-10-08",255,416.469155335994
"6492","2001-10-09",238,402.892732055658
"6493","2001-10-10",224,379.82038411701
"6494","2001-10-11",209,354.314555972104
"6495","2001-10-12",196,329.847607786695
"6496","2001-10-13",186,308.59688775608
"6497","2001-10-14",195,301.061167829899
"6498","2001-10-15",205,325.259184776091
"6499","2001-10-16",225,345.213779202489
"6500","2001-10-17",220,351.466215218551
"6501","2001-10-18",217,342.548195240223
"6502","2001-10-19",243,322.142938111518
"6503","2001-10-20",218,299.115064941783
"6504","2001-10-21",202,276.833503701877
"6505","2001-10-22",195,256.144805805844
"6506","2001-10-23",196,237.294000650808
"6507","2001-10-24",193,220.260530539872
"6508","2001-10-25",200,233.759618320731
"6509","2001-10-26",204,244.848596474528
"6510","2001-10-27",193,242.478329690476
"6511","2001-10-28",190,233.891274037047
"6512","2001-10-29",188,223.125443343975
"6513","2001-10-30",185,211.446955038986
"6514","2001-10-31",177,199.704203826648
"6515","2001-11-01",177,188.605710254905
"6516","2001-11-02",175,177.718929481691
"6517","2001-11-03",172,167.843276309485
"6518","2001-11-04",175,158.537645689847
"6519","2001-11-05",180,149.139196212257
"6520","2001-11-06",181,140.462090477878
"6521","2001-11-07",182,134.373793214604
"6522","2001-11-08",180,127.832099920204
"6523","2001-11-09",174,120.842149226666
"6524","2001-11-10",174,113.7329678748
"6525","2001-11-11",173,106.672417112965
"6526","2001-11-12",170,99.7861662805934
"6527","2001-11-13",172,93.1349339835602
"6528","2001-11-14",168,86.7524083616045
"6529","2001-11-15",162,80.6613441922048
"6530","2001-11-16",154,74.8580479601298
"6531","2001-11-17",155,69.3268988117392
"6532","2001-11-18",153,64.0774906883018
"6533","2001-11-19",152,59.1297379336816
"6534","2001-11-20",153,55.5949657850544
"6535","2001-11-21",150,52.7931520722703
"6536","2001-11-22",146,50.0673277172118
"6537","2001-11-23",150,47.3096436219005
"6538","2001-11-24",161,46.500691039928
"6539","2001-11-25",182,61.0026860956205
"6540","2001-11-26",184,82.7792896384718
"6541","2001-11-27",190,98.2831195534975
"6542","2001-11-28",186,108.954599499288
"6543","2001-11-29",178,116.133404021609
"6544","2001-11-30",188,129.736543980686
"6545","2001-12-01",192,147.853768121922
"6546","2001-12-02",197,160.550818714496
"6547","2001-12-03",196,163.718911010835
"6548","2001-12-04",187,161.626000827326
"6549","2001-12-05",176,156.577539055013
"6550","2001-12-06",172,149.815720706391
"6551","2001-12-07",175,143.682544184044
"6552","2001-12-08",176,142.343279130771
"6553","2001-12-09",277,223.159091966886
"6554","2001-12-10",485,299.892458385294
"6555","2001-12-11",608,480.449130583495
"6556","2001-12-12",703,726.986012796935
"6557","2001-12-13",763,876.811005657365
"6558","2001-12-14",1070,1079.42394535928
"6559","2001-12-15",1060,1088.25832489494
"6560","2001-12-16",841,967.517299812582
"6561","2001-12-17",687,861.530465565556
"6562","2001-12-18",697,894.282314255682
"6563","2001-12-19",706,946.185234774097
"6564","2001-12-20",659,921.804760151905
"6565","2001-12-21",578,862.16240656702
"6566","2001-12-22",513,796.087956167707
"6567","2001-12-23",450,736.263130661571
"6568","2001-12-24",433,701.449464642836
"6569","2001-12-25",407,679.440089207206
"6570","2001-12-26",382,650.0236741336
"6571","2001-12-27",360,617.01870982197
"6572","2001-12-28",335,585.549371114957
"6573","2001-12-29",314,554.848463549125
"6574","2001-12-30",289,526.499965110364
"6575","2001-12-31",264,499.400657581947
"6576","2002-01-01",223,472.979614402667
"6577","2002-01-02",210,447.611482095545
"6578","2002-01-03",210,427.274579960054
"6579","2002-01-04",210,407.413197680502
"6580","2002-01-05",210,386.681877203112
"6581","2002-01-06",215,381.847416631466
"6582","2002-01-07",215,423.979572117218
"6583","2002-01-08",215,465.696167778785
"6584","2002-01-09",220,467.913843925376
"6585","2002-01-10",225,486.969085774498
"6586","2002-01-11",304,656.012589441792
"6587","2002-01-12",896,836.527286267882
"6588","2002-01-13",1120,887.286030423356
"6589","2002-01-14",938,851.131398328401
"6590","2002-01-15",770,790.009264627274
"6591","2002-01-16",639,732.608628269657
"6592","2002-01-17",550,683.64332943215
"6593","2002-01-18",511,651.099790120113
"6594","2002-01-19",860,678.687979140241
"6595","2002-01-20",2650,817.482098717064
"6596","2002-01-21",2510,1487.16297324619
"6597","2002-01-22",1950,1702.63268157215
"6598","2002-01-23",4300,2415.62469876045
"6599","2002-01-24",13200,5128.29556395966
"6600","2002-01-25",15400,12785.4979333134
"6601","2002-01-26",10400,8366.4892243431
"6602","2002-01-27",5070,5318.58861856229
"6603","2002-01-28",3230,3750.64649981159
"6604","2002-01-29",2390,3108.53878746693
"6605","2002-01-30",1890,2852.06838436204
"6606","2002-01-31",1570,2631.56246835375
"6607","2002-02-01",1360,2414.51517568051
"6608","2002-02-02",1190,2257.62650295986
"6609","2002-02-03",1030,2131.22590455003
"6610","2002-02-04",932,2009.33912536568
"6611","2002-02-05",843,1903.47420554233
"6612","2002-02-06",774,1810.67952977896
"6613","2002-02-07",918,1849.4583004074
"6614","2002-02-08",1470,2395.3041428108
"6615","2002-02-09",1570,2709.85969238037
"6616","2002-02-10",1430,2404.33298990886
"6617","2002-02-11",1300,2148.25478426122
"6618","2002-02-12",1160,1963.50774894037
"6619","2002-02-13",1060,1812.28496614149
"6620","2002-02-14",949,1691.22031319356
"6621","2002-02-15",861,1590.94986994829
"6622","2002-02-16",807,1506.75817419981
"6623","2002-02-17",764,1437.0978634761
"6624","2002-02-18",723,1375.12614408743
"6625","2002-02-19",675,1318.12744009684
"6626","2002-02-20",643,1256.66839515328
"6627","2002-02-21",648,1231.81858697289
"6628","2002-02-22",633,1203.50059794852
"6629","2002-02-23",595,1144.92044623855
"6630","2002-02-24",563,1079.16825084247
"6631","2002-02-25",532,1015.74232915096
"6632","2002-02-26",513,957.812343092093
"6633","2002-02-27",496,905.294891963294
"6634","2002-02-28",470,858.671245338778
"6635","2002-03-01",447,813.81782126376
"6636","2002-03-02",442,779.658995112935
"6637","2002-03-03",511,817.48755589786
"6638","2002-03-04",580,984.028289692266
"6639","2002-03-05",565,1063.49097541616
"6640","2002-03-06",551,986.281064853267
"6641","2002-03-07",513,887.233959101826
"6642","2002-03-08",491,812.95559324566
"6643","2002-03-09",477,752.384333785373
"6644","2002-03-10",479,705.271818749785
"6645","2002-03-11",469,663.336253603776
"6646","2002-03-12",451,626.707210608201
"6647","2002-03-13",614,623.991589616254
"6648","2002-03-14",492,712.157281550355
"6649","2002-03-15",505,778.980214495901
"6650","2002-03-16",570,936.690212330023
"6651","2002-03-17",6290,2632.8034077748
"6652","2002-03-18",43600,36628.540904452
"6653","2002-03-19",37400,16926.7402381031
"6654","2002-03-20",11000,8674.88996377709
"6655","2002-03-21",6420,5202.14165756288
"6656","2002-03-22",4900,3689.99552688954
"6657","2002-03-23",3870,2822.19651923204
"6658","2002-03-24",3080,2278.02450599179
"6659","2002-03-25",2410,1959.87150121809
"6660","2002-03-26",2070,1778.05645129206
"6661","2002-03-27",2320,2056.97358186712
"6662","2002-03-28",2200,2079.94154967688
"6663","2002-03-29",1890,1917.4962383145
"6664","2002-03-30",1890,1776.03365311105
"6665","2002-03-31",3380,2297.99935348663
"6666","2002-04-01",7140,5596.68975480682
"6667","2002-04-02",5930,5540.84992314513
"6668","2002-04-03",4140,3384.65431893168
"6669","2002-04-04",3170,2479.20708921662
"6670","2002-04-05",2480,2062.88415352192
"6671","2002-04-06",2090,1812.63293849161
"6672","2002-04-07",1850,1656.12262179238
"6673","2002-04-08",1640,1541.54047963789
"6674","2002-04-09",1560,1474.17812651819
"6675","2002-04-10",2060,1731.5243237188
"6676","2002-04-11",1950,1990.18458416394
"6677","2002-04-12",1670,1817.03807184856
"6678","2002-04-13",1490,1573.40650219658
"6679","2002-04-14",1380,1398.97246354033
"6680","2002-04-15",1340,1307.94720017652
"6681","2002-04-16",1360,1293.73405476356
"6682","2002-04-17",1230,1232.10853586567
"6683","2002-04-18",1260,1193.97871151482
"6684","2002-04-19",1520,1245.2467103554
"6685","2002-04-20",1400,1201.82740769239
"6686","2002-04-21",1360,1092.37729160826
"6687","2002-04-22",1270,1049.23513122224
"6688","2002-04-23",1150,1115.23650649684
"6689","2002-04-24",1050,1090.88703023605
"6690","2002-04-25",1090,1384.14368938805
"6691","2002-04-26",1220,1518.7952951412
"6692","2002-04-27",1340,1375.49437437437
"6693","2002-04-28",1280,1176.25359520071
"6694","2002-04-29",1290,1092.48673155542
"6695","2002-04-30",1210,1174.48978174968
"6696","2002-05-01",1120,1108.65022679574
"6697","2002-05-02",2340,1058.76350689769
"6698","2002-05-03",4050,12830.9383638143
"6699","2002-05-04",7130,5680.92342816167
"6700","2002-05-05",3920,2392.09127992417
"6701","2002-05-06",2740,1529.874455073
"6702","2002-05-07",2170,1214.6155751253
"6703","2002-05-08",2000,1043.63116209858
"6704","2002-05-09",1760,946.260936468219
"6705","2002-05-10",1570,934.329625354115
"6706","2002-05-11",1400,997.299624471752
"6707","2002-05-12",1240,950.129147278401
"6708","2002-05-13",1220,871.691302688982
"6709","2002-05-14",1750,898.302304918609
"6710","2002-05-15",1640,1144.50808845194
"6711","2002-05-16",1340,1177.73656702297
"6712","2002-05-17",1130,1038.53749658036
"6713","2002-05-18",1160,1231.42939368917
"6714","2002-05-19",1350,1433.50563314021
"6715","2002-05-20",1230,1312.67895984449
"6716","2002-05-21",1040,1097.18339044456
"6717","2002-05-22",926,915.87892977875
"6718","2002-05-23",850,795.553516218341
"6719","2002-05-24",785,710.478985261365
"6720","2002-05-25",726,647.581869512365
"6721","2002-05-26",681,597.188610079087
"6722","2002-05-27",749,555.82323974822
"6723","2002-05-28",758,518.33472319132
"6724","2002-05-29",676,485.314970289608
"6725","2002-05-30",658,455.318849551391
"6726","2002-05-31",589,425.992598830641
"6727","2002-06-01",543,402.218854174251
"6728","2002-06-02",529,379.666250898782
"6729","2002-06-03",505,372.886607512305
"6730","2002-06-04",524,390.02923536947
"6731","2002-06-05",503,396.862508772871
"6732","2002-06-06",478,384.749973736484
"6733","2002-06-07",514,400.006628310757
"6734","2002-06-08",630,460.777931514563
"6735","2002-06-09",623,474.556917718624
"6736","2002-06-10",510,449.578131864164
"6737","2002-06-11",433,415.390812911685
"6738","2002-06-12",391,384.192895773714
"6739","2002-06-13",388,360.310529587343
"6740","2002-06-14",464,380.234421153831
"6741","2002-06-15",504,402.641488415113
"6742","2002-06-16",555,409.44118693602
"6743","2002-06-17",472,399.510182385722
"6744","2002-06-18",409,377.422070672578
"6745","2002-06-19",369,349.641335364585
"6746","2002-06-20",328,320.79038564773
"6747","2002-06-21",311,293.262440724661
"6748","2002-06-22",289,267.97118847884
"6749","2002-06-23",277,244.871640067728
"6750","2002-06-24",264,224.418379746343
"6751","2002-06-25",251,207.006086829588
"6752","2002-06-26",248,210.73779518416
"6753","2002-06-27",254,226.914987093568
"6754","2002-06-28",307,299.374728695404
"6755","2002-06-29",378,392.462511198859
"6756","2002-06-30",502,479.156289644302
"6757","2002-07-01",459,505.611504352179
"6758","2002-07-02",385,486.38579211598
"6759","2002-07-03",510,504.263300093876
"6760","2002-07-04",694,612.619308834079
"6761","2002-07-05",460,636.56609514539
"6762","2002-07-06",514,593.88787871924
"6763","2002-07-07",433,530.609754243118
"6764","2002-07-08",352,473.249079054066
"6765","2002-07-09",310,430.627889447483
"6766","2002-07-10",289,399.692892652519
"6767","2002-07-11",309,459.984051916867
"6768","2002-07-12",517,498.955338388331
"6769","2002-07-13",503,468.612983225649
"6770","2002-07-14",484,431.80927592108
"6771","2002-07-15",506,462.608964432346
"6772","2002-07-16",469,473.537629622993
"6773","2002-07-17",386,456.577856304531
"6774","2002-07-18",375,429.33943305666
"6775","2002-07-19",410,411.011077653037
"6776","2002-07-20",572,463.94396960569
"6777","2002-07-21",557,532.779966842133
"6778","2002-07-22",600,536.996088597896
"6779","2002-07-23",516,492.335284771089
"6780","2002-07-24",420,652.344232773334
"6781","2002-07-25",414,892.349700460849
"6782","2002-07-26",680,1159.99058110594
"6783","2002-07-27",778,1348.50459192473
"6784","2002-07-28",541,1241.95515020824
"6785","2002-07-29",412,985.097188384733
"6786","2002-07-30",388,789.21276446317
"6787","2002-07-31",365,660.449337584654
"6788","2002-08-01",323,585.370876612796
"6789","2002-08-02",318,524.513671495209
"6790","2002-08-03",283,473.401521850811
"6791","2002-08-04",255,433.729716633926
"6792","2002-08-05",253,405.595069140921
"6793","2002-08-06",238,379.350580040661
"6794","2002-08-07",245,354.087960694792
"6795","2002-08-08",237,330.250777041394
"6796","2002-08-09",212,307.092870504517
"6797","2002-08-10",196,284.461495558333
"6798","2002-08-11",180,262.861401105
"6799","2002-08-12",177,243.451952174173
"6800","2002-08-13",167,235.177101569225
"6801","2002-08-14",151,226.321557903826
"6802","2002-08-15",156,214.323557586202
"6803","2002-08-16",158,208.191892799903
"6804","2002-08-17",184,234.535400981212
"6805","2002-08-18",226,273.309833325868
"6806","2002-08-19",224,289.028007723125
"6807","2002-08-20",239,314.447415332137
"6808","2002-08-21",231,317.771638685705
"6809","2002-08-22",204,307.529558760339
"6810","2002-08-23",165,294.371357951569
"6811","2002-08-24",175,284.00615399077
"6812","2002-08-25",197,273.848833999874
"6813","2002-08-26",212,290.001463372437
"6814","2002-08-27",302,394.094796531038
"6815","2002-08-28",329,498.63842946793
"6816","2002-08-29",262,513.290265579183
"6817","2002-08-30",215,482.986339815696
"6818","2002-08-31",192,446.781139763049
"6819","2002-09-01",186,420.595122320707
"6820","2002-09-02",158,392.407639305925
"6821","2002-09-03",142,365.513612620189
"6822","2002-09-04",132,341.119797710109
"6823","2002-09-05",124,318.555544598223
"6824","2002-09-06",114,297.58013449043
"6825","2002-09-07",106,277.491686315451
"6826","2002-09-08",100,258.180637057158
"6827","2002-09-09",97,239.827697643848
"6828","2002-09-10",94,222.653590965447
"6829","2002-09-11",90,207.258753800653
"6830","2002-09-12",88,194.407626091149
"6831","2002-09-13",90,182.52385115041
"6832","2002-09-14",88,170.722365612717
"6833","2002-09-15",88,161.668981359357
"6834","2002-09-16",98,153.970520124538
"6835","2002-09-17",120,148.078940483576
"6836","2002-09-18",130,144.76473051695
"6837","2002-09-19",130,141.048246637155
"6838","2002-09-20",125,138.537214903436
"6839","2002-09-21",120,138.498203538245
"6840","2002-09-22",120,143.896035994521
"6841","2002-09-23",150,217.208584749992
"6842","2002-09-24",180,250.218404922874
"6843","2002-09-25",220,257.85234384182
"6844","2002-09-26",230,350.307154337505
"6845","2002-09-27",280,587.538217664068
"6846","2002-09-28",500,927.428536487643
"6847","2002-09-29",520,998.556809647132
"6848","2002-09-30",410,912.453715331522
"6849","2002-10-01",310,815.145783339987
"6850","2002-10-02",255,734.921079147191
"6851","2002-10-03",221,669.502746534782
"6852","2002-10-04",195,615.960862635378
"6853","2002-10-05",181,576.885936968025
"6854","2002-10-06",158,540.44864842928
"6855","2002-10-07",151,507.828696939969
"6856","2002-10-08",144,477.05630176521
"6857","2002-10-09",136,446.091735907373
"6858","2002-10-10",136,420.3813189241
"6859","2002-10-11",144,418.764707491878
"6860","2002-10-12",152,425.633666294212
"6861","2002-10-13",157,435.065284949541
"6862","2002-10-14",145,434.630273119867
"6863","2002-10-15",155,431.842063101162
"6864","2002-10-16",237,706.501041261784
"6865","2002-10-17",815,1168.92974641527
"6866","2002-10-18",1020,1296.63518228514
"6867","2002-10-19",638,1152.2336194278
"6868","2002-10-20",462,976.811399651115
"6869","2002-10-21",380,870.050881818861
"6870","2002-10-22",320,809.673305927316
"6871","2002-10-23",284,755.717461260667
"6872","2002-10-24",261,708.304537119309
"6873","2002-10-25",245,663.578263302544
"6874","2002-10-26",245,644.619259146673
"6875","2002-10-27",229,632.81091029693
"6876","2002-10-28",242,634.976642254609
"6877","2002-10-29",346,695.401008363191
"6878","2002-10-30",927,1251.54597610033
"6879","2002-10-31",951,1670.05247988687
"6880","2002-11-01",912,1569.13394512406
"6881","2002-11-02",689,1355.18728239138
"6882","2002-11-03",520,1175.30669108019
"6883","2002-11-04",457,1080.23790466321
"6884","2002-11-05",467,1068.62805700121
"6885","2002-11-06",1200,1267.74403251936
"6886","2002-11-07",1270,1591.05257451075
"6887","2002-11-08",1200,1560.7997982061
"6888","2002-11-09",983,1393.2372993018
"6889","2002-11-10",764,1243.50108723545
"6890","2002-11-11",4790,4410.6707502081
"6891","2002-11-12",6450,4748.75649391393
"6892","2002-11-13",6900,4311.12979113235
"6893","2002-11-14",4060,3367.67688986892
"6894","2002-11-15",2420,2577.08797779263
"6895","2002-11-16",1870,2142.39314829325
"6896","2002-11-17",1910,2208.1428212652
"6897","2002-11-18",2260,2468.95148911833
"6898","2002-11-19",2280,2320.75559262815
"6899","2002-11-20",1890,2141.76152235176
"6900","2002-11-21",1850,2161.960250064
"6901","2002-11-22",2570,2272.67235538203
"6902","2002-11-23",2880,2354.66377916207
"6903","2002-11-24",2450,2295.34522061704
"6904","2002-11-25",1870,2110.04606829963
"6905","2002-11-26",1510,1938.79947012982
"6906","2002-11-27",1390,1836.84237204696
"6907","2002-11-28",1540,1882.18758059096
"6908","2002-11-29",1470,1847.9386472982
"6909","2002-11-30",1290,1744.6430634123
"6910","2002-12-01",1170,1639.02444968047
"6911","2002-12-02",1030,1544.31575032505
"6912","2002-12-03",899,1466.68182463163
"6913","2002-12-04",796,1406.00471677191
"6914","2002-12-05",2860,1474.10201938922
"6915","2002-12-06",6120,1491.81996159488
"6916","2002-12-07",4430,1432.83925602335
"6917","2002-12-08",2870,1349.86797563782
"6918","2002-12-09",2130,1304.27153469453
"6919","2002-12-10",1720,1285.02263769719
"6920","2002-12-11",2430,1556.31029997798
"6921","2002-12-12",3620,1904.31355373763
"6922","2002-12-13",3360,1912.97522298791
"6923","2002-12-14",3740,2064.84232084824
"6924","2002-12-15",3870,2286.81612697142
"6925","2002-12-16",3150,2261.89561491084
"6926","2002-12-17",2480,2196.7968521018
"6927","2002-12-18",2020,2046.07872112245
"6928","2002-12-19",1710,1962.04678221751
"6929","2002-12-20",3650,4403.46187595481
"6930","2002-12-21",4450,5699.63124773231
"6931","2002-12-22",3430,4567.62236644593
"6932","2002-12-23",2530,3498.79820148417
"6933","2002-12-24",2220,2991.34160376139
"6934","2002-12-25",3320,3033.08448807438
"6935","2002-12-26",4030,3027.852809904
"6936","2002-12-27",3470,2683.79411603784
"6937","2002-12-28",2740,2386.88449143157
"6938","2002-12-29",2240,2183.87804041039
"6939","2002-12-30",1900,2029.58129344667
"6940","2002-12-31",1640,1943.46045464635
"6941","2003-01-01",1510,2015.46541835772
"6942","2003-01-02",1460,2520.19766686819
"6943","2003-01-03",1620,4003.7676096852
"6944","2003-01-04",3000,4769.92830428983
"6945","2003-01-05",3310,3725.6776393684
"6946","2003-01-06",2710,2978.75708747943
"6947","2003-01-07",2290,2707.38532388461
"6948","2003-01-08",2010,2442.82202477348
"6949","2003-01-09",1840,2215.22821998024
"6950","2003-01-10",1730,2089.19346931159
"6951","2003-01-11",1610,2043.17894943888
"6952","2003-01-12",1460,1970.95969411366
"6953","2003-01-13",1300,1846.66517217323
"6954","2003-01-14",1200,1723.0785925835
"6955","2003-01-15",1130,1624.09960187026
"6956","2003-01-16",1030,1535.22099669756
"6957","2003-01-17",978,1471.3875739254
"6958","2003-01-18",903,1400.91257118701
"6959","2003-01-19",854,1327.984632858
"6960","2003-01-20",814,1270.5022054712
"6961","2003-01-21",798,1241.99711271464
"6962","2003-01-22",774,1190.73191445546
"6963","2003-01-23",721,1134.29178106005
"6964","2003-01-24",570,1072.4709137734
"6965","2003-01-25",524,1011.86375831939
"6966","2003-01-26",520,956.024624350117
"6967","2003-01-27",560,909.086236372621
"6968","2003-01-28",580,867.908505845243
"6969","2003-01-29",715,896.099412993557
"6970","2003-01-30",1340,1102.62807920584
"6971","2003-01-31",2170,1287.97350434776
"6972","2003-02-01",2060,1303.94433741885
"6973","2003-02-02",1910,1301.27384300353
"6974","2003-02-03",1770,1370.94059627955
"6975","2003-02-04",2890,2249.3194028106
"6976","2003-02-05",4850,2914.25522883672
"6977","2003-02-06",3970,2573.18383027729
"6978","2003-02-07",2970,2115.16867797904
"6979","2003-02-08",2370,1869.18906337015
"6980","2003-02-09",1910,1607.81912037342
"6981","2003-02-10",1690,1420.38039760215
"6982","2003-02-11",1570,1299.38050186678
"6983","2003-02-12",1470,1300.18126662424
"6984","2003-02-13",1330,1484.99341228994
"6985","2003-02-14",1260,1675.91031287759
"6986","2003-02-15",5330,5187.13025410682
"6987","2003-02-16",25100,24327.7444832853
"6988","2003-02-17",22200,24505.2319696457
"6989","2003-02-18",8570,9024.8671763988
"6990","2003-02-19",5280,5093.4875003583
"6991","2003-02-20",4010,4219.98500446278
"6992","2003-02-21",3300,4817.72979101016
"6993","2003-02-22",10800,26547.9196545023
"6994","2003-02-23",20900,25503.6451186385
"6995","2003-02-24",12800,16460.5301002812
"6996","2003-02-25",6840,7835.6773585208
"6997","2003-02-26",4930,6112.95286929358
"6998","2003-02-27",4510,4447.13154235669
"6999","2003-02-28",5130,4033.16697382789
"7000","2003-03-01",5370,4638.5260628752
"7001","2003-03-02",4600,5086.41074571169
"7002","2003-03-03",3800,5991.60350750604
"7003","2003-03-04",3120,4727.0938387658
"7004","2003-03-05",2630,3853.83631470659
"7005","2003-03-06",2360,5407.177950417
"7006","2003-03-07",2100,6647.11303887702
"7007","2003-03-08",1860,4771.11477057002
"7008","2003-03-09",1680,3690.31119215953
"7009","2003-03-10",1540,3276.05272000629
"7010","2003-03-11",1410,2830.52921419902
"7011","2003-03-12",1310,2422.77375415493
"7012","2003-03-13",1260,2170.63953369236
"7013","2003-03-14",1240,2434.30055728561
"7014","2003-03-15",1210,2821.76953037283
"7015","2003-03-16",1140,2479.94886418889
"7016","2003-03-17",1080,2185.97350901603
"7017","2003-03-18",1060,1950.5848412644
"7018","2003-03-19",1060,1784.61508241007
"7019","2003-03-20",1010,1688.46216719772
"7020","2003-03-21",979,1654.27733893495
"7021","2003-03-22",954,1595.38096510063
"7022","2003-03-23",912,1512.87945476279
"7023","2003-03-24",866,1422.87862419458
"7024","2003-03-25",831,1329.8098857926
"7025","2003-03-26",810,1246.01039424912
"7026","2003-03-27",802,1189.72064062319
"7027","2003-03-28",790,1160.03939915698
"7028","2003-03-29",762,1103.33309009876
"7029","2003-03-30",779,1147.89252983625
"7030","2003-03-31",862,1372.11423828484
"7031","2003-04-01",900,1675.55743051428
"7032","2003-04-02",914,1616.42630573642
"7033","2003-04-03",956,1404.66924976252
"7034","2003-04-04",1010,1213.98693326903
"7035","2003-04-05",1080,1191.37780643623
"7036","2003-04-06",1170,1251.06243435356
"7037","2003-04-07",3690,2753.33379052679
"7038","2003-04-08",4550,2595.68760213118
"7039","2003-04-09",7370,4634.93993849383
"7040","2003-04-10",11300,7893.88173363946
"7041","2003-04-11",21400,12312.2730318296
"7042","2003-04-12",13100,11723.0708842623
"7043","2003-04-13",6310,7156.93573208939
"7044","2003-04-14",4240,4494.85623212801
"7045","2003-04-15",3230,3185.82804360922
"7046","2003-04-16",2590,2559.07175557145
"7047","2003-04-17",2230,2239.60468860287
"7048","2003-04-18",6670,6554.20509647216
"7049","2003-04-19",6940,5407.95637897045
"7050","2003-04-20",4530,4602.48027922958
"7051","2003-04-21",3600,3367.85126988769
"7052","2003-04-22",3100,2798.11394308756
"7053","2003-04-23",2570,2534.23792686415
"7054","2003-04-24",2160,2211.65823052013
"7055","2003-04-25",1910,1953.5499246257
"7056","2003-04-26",1940,1834.97169025651
"7057","2003-04-27",1820,1861.55628597899
"7058","2003-04-28",1590,1737.01266492812
"7059","2003-04-29",1420,1582.52285517371
"7060","2003-04-30",1320,1470.26462682049
"7061","2003-05-01",1250,1369.75724970937
"7062","2003-05-02",1200,1319.49484825834
"7063","2003-05-03",1240,1354.40711362305
"7064","2003-05-04",1120,1405.30524644699
"7065","2003-05-05",1250,1400.75814426669
"7066","2003-05-06",1610,1583.35774325584
"7067","2003-05-07",1480,1741.35236249871
"7068","2003-05-08",1380,2109.30408549665
"7069","2003-05-09",3370,6168.08348787819
"7070","2003-05-10",2820,2892.84707654764
"7071","2003-05-11",2070,2001.82983490899
"7072","2003-05-12",1620,1566.51175627562
"7073","2003-05-13",1300,1323.47012786113
"7074","2003-05-14",1070,1152.15070426836
"7075","2003-05-15",1000,1041.49856840894
"7076","2003-05-16",1240,1007.18754371495
"7077","2003-05-17",1810,1729.88332236219
"7078","2003-05-18",2270,2582.08887614566
"7079","2003-05-19",1890,2385.41931141325
"7080","2003-05-20",1590,1764.37584090348
"7081","2003-05-21",1440,1585.32799685309
"7082","2003-05-22",1850,1803.58465532275
"7083","2003-05-23",1740,1730.28081790327
"7084","2003-05-24",1750,1529.51552212171
"7085","2003-05-25",1530,1443.43996477639
"7086","2003-05-26",1450,1325.18398928414
"7087","2003-05-27",1260,1176.3958617698
"7088","2003-05-28",1100,1050.70508890288
"7089","2003-05-29",1080,1071.83363394169
"7090","2003-05-30",1180,1112.68131421446
"7091","2003-05-31",1350,1260.5790609257
"7092","2003-06-01",1340,1480.01585510591
"7093","2003-06-02",1330,1632.0934825542
"7094","2003-06-03",1210,1426.75035547618
"7095","2003-06-04",1110,1291.14112970476
"7096","2003-06-05",1070,1298.90003531987
"7097","2003-06-06",952,1179.6698053596
"7098","2003-06-07",1310,1175.43792427236
"7099","2003-06-08",5130,3014.83671934143
"7100","2003-06-09",3680,3357.60109857966
"7101","2003-06-10",2410,2429.53304892981
"7102","2003-06-11",1780,1753.22312811623
"7103","2003-06-12",1660,1689.84530976401
"7104","2003-06-13",1580,1934.00908435042
"7105","2003-06-14",1290,1478.21266341699
"7106","2003-06-15",1630,1638.54540252539
"7107","2003-06-16",3940,2189.80677960886
"7108","2003-06-17",4240,4175.96801754349
"7109","2003-06-18",4410,7814.11812444627
"7110","2003-06-19",5970,12749.6840466628
"7111","2003-06-20",5670,7361.53682207252
"7112","2003-06-21",3810,4125.56077927519
"7113","2003-06-22",2690,2675.11470820089
"7114","2003-06-23",2040,2022.81182501328
"7115","2003-06-24",1620,1654.91345902827
"7116","2003-06-25",1340,1444.12602362215
"7117","2003-06-26",1140,1301.62691280436
"7118","2003-06-27",995,1191.05710084149
"7119","2003-06-28",895,1102.65105506662
"7120","2003-06-29",840,1028.869232598
"7121","2003-06-30",1290,966.339397807404
"7122","2003-07-01",1320,918.578958398561
"7123","2003-07-02",1960,1538.8322795921
"7124","2003-07-03",2600,2167.82279682835
"7125","2003-07-04",2100,2699.7598981927
"7126","2003-07-05",1650,2256.85293123734
"7127","2003-07-06",1550,1740.42358351601
"7128","2003-07-07",1660,1664.83193216104
"7129","2003-07-08",2520,2080.89197664302
"7130","2003-07-09",2090,1882.42972686919
"7131","2003-07-10",4030,1771.34354115442
"7132","2003-07-11",4360,2199.88963334379
"7133","2003-07-12",3570,2574.90464437757
"7134","2003-07-13",3430,2263.36771547213
"7135","2003-07-14",2650,1968.97719174966
"7136","2003-07-15",2070,1595.05914558222
"7137","2003-07-16",1670,1389.04842256365
"7138","2003-07-17",1350,1248.43861617828
"7139","2003-07-18",1120,1162.72121638773
"7140","2003-07-19",960,1052.52472598457
"7141","2003-07-20",844,952.137985758011
"7142","2003-07-21",753,877.51419220345
"7143","2003-07-22",729,819.663319091532
"7144","2003-07-23",801,816.02778633591
"7145","2003-07-24",762,903.001934647396
"7146","2003-07-25",704,880.712431879874
"7147","2003-07-26",621,822.302882078137
"7148","2003-07-27",544,757.46849757108
"7149","2003-07-28",501,699.904505034797
"7150","2003-07-29",644,737.677869544925
"7151","2003-07-30",1430,937.699182130356
"7152","2003-07-31",2120,1003.80817658408
"7153","2003-08-01",1680,1145.27179028468
"7154","2003-08-02",1440,1162.50529481724
"7155","2003-08-03",1820,1176.37820979925
"7156","2003-08-04",3110,1250.70461818498
"7157","2003-08-05",1980,1355.48603160549
"7158","2003-08-06",2030,1435.08357385868
"7159","2003-08-07",2150,2343.84849878852
"7160","2003-08-08",3570,2932.29803954438
"7161","2003-08-09",3020,2186.20109179915
"7162","2003-08-10",2590,1721.83789903048
"7163","2003-08-11",2060,1430.29471297094
"7164","2003-08-12",1850,1243.40188272122
"7165","2003-08-13",1600,1193.0148119299
"7166","2003-08-14",1240,1161.94225631147
"7167","2003-08-15",1040,1108.0122867841
"7168","2003-08-16",1120,1594.89546144788
"7169","2003-08-17",2370,2688.42387136492
"7170","2003-08-18",3820,3176.63099818168
"7171","2003-08-19",2670,2409.02791421124
"7172","2003-08-20",1710,1752.15681203283
"7173","2003-08-21",1290,1357.07279330841
"7174","2003-08-22",1090,1110.88810282351
"7175","2003-08-23",944,942.479056838717
"7176","2003-08-24",819,840.541556647719
"7177","2003-08-25",718,761.388774794428
"7178","2003-08-26",639,698.633830106354
"7179","2003-08-27",581,648.715274421073
"7180","2003-08-28",534,610.814409264496
"7181","2003-08-29",504,575.875006961146
"7182","2003-08-30",482,551.871498463715
"7183","2003-08-31",525,540.825596999894
"7184","2003-09-01",755,591.094809985234
"7185","2003-09-02",663,727.673953065511
"7186","2003-09-03",572,755.962970487834
"7187","2003-09-04",851,846.034674169813
"7188","2003-09-05",2350,3797.71554748744
"7189","2003-09-06",1390,3233.92822030841
"7190","2003-09-07",954,1795.87291150581
"7191","2003-09-08",739,1228.49503135672
"7192","2003-09-09",621,937.510484699437
"7193","2003-09-10",539,779.213361229223
"7194","2003-09-11",483,678.795126961497
"7195","2003-09-12",440,609.54226056235
"7196","2003-09-13",409,557.689802676737
"7197","2003-09-14",387,522.932987861113
"7198","2003-09-15",372,507.32771106337
"7199","2003-09-16",384,491.166798107218
"7200","2003-09-17",408,474.632908171484
"7201","2003-09-18",409,465.472609224153
"7202","2003-09-19",370,540.338624381842
"7203","2003-09-20",338,802.784619251456
"7204","2003-09-21",343,805.381478003923
"7205","2003-09-22",392,687.535626652898
"7206","2003-09-23",469,2240.75091494743
"7207","2003-09-24",503,2240.38299199804
"7208","2003-09-25",452,1495.97983559137
"7209","2003-09-26",427,1060.74040106624
"7210","2003-09-27",395,804.436596809045
"7211","2003-09-28",425,970.747862243908
"7212","2003-09-29",429,1169.19546886917
"7213","2003-09-30",373,1064.33257832983
"7214","2003-10-01",336,882.891112755908
"7215","2003-10-02",316,740.072142801192
"7216","2003-10-03",304,631.152086191703
"7217","2003-10-04",290,554.770867916366
"7218","2003-10-05",281,502.091139879117
"7219","2003-10-06",273,464.274998004229
"7220","2003-10-07",260,434.886849122819
"7221","2003-10-08",251,412.093390988605
"7222","2003-10-09",245,388.547197170982
"7223","2003-10-10",238,366.033077646588
"7224","2003-10-11",232,349.611976306706
"7225","2003-10-12",225,338.074838986024
"7226","2003-10-13",221,324.570759194298
"7227","2003-10-14",230,310.494966978341
"7228","2003-10-15",341,474.470438732215
"7229","2003-10-16",430,946.427228118317
"7230","2003-10-17",472,982.631221033374
"7231","2003-10-18",419,783.026605458037
"7232","2003-10-19",340,603.23513013419
"7233","2003-10-20",305,476.836111437747
"7234","2003-10-21",285,404.416350867854
"7235","2003-10-22",265,358.483905034989
"7236","2003-10-23",250,319.674015920183
"7237","2003-10-24",237,288.42631271887
"7238","2003-10-25",228,263.062882589233
"7239","2003-10-26",230,242.952479588104
"7240","2003-10-27",271,278.548939934914
"7241","2003-10-28",341,433.288924196272
"7242","2003-10-29",399,836.456681009815
"7243","2003-10-30",412,1139.6816780317
"7244","2003-10-31",390,1074.08545763987
"7245","2003-11-01",344,888.574905514601
"7246","2003-11-02",321,735.694069418541
"7247","2003-11-03",302,622.72938105047
"7248","2003-11-04",284,544.56133402647
"7249","2003-11-05",280,494.129319077711
"7250","2003-11-06",813,718.600377523109
"7251","2003-11-07",1370,3233.99363145299
"7252","2003-11-08",1360,2787.43347997139
"7253","2003-11-09",1030,1855.15895623963
"7254","2003-11-10",773,1347.71237640729
"7255","2003-11-11",633,1057.54257969538
"7256","2003-11-12",555,887.142565598718
"7257","2003-11-13",722,1209.58303449052
"7258","2003-11-14",1110,1335.7480576466
"7259","2003-11-15",1060,1203.73789560809
"7260","2003-11-16",972,1125.1649388446
"7261","2003-11-17",1030,1230.21707755127
"7262","2003-11-18",1010,1255.08146797053
"7263","2003-11-19",8550,13443.7040523513
"7264","2003-11-20",18900,17481.3801638653
"7265","2003-11-21",10300,11856.2633384425
"7266","2003-11-22",4110,5872.87341116149
"7267","2003-11-23",2750,3443.95447716063
"7268","2003-11-24",2140,2456.9616607915
"7269","2003-11-25",1990,2171.41104370217
"7270","2003-11-26",1770,2259.94563000683
"7271","2003-11-27",1520,2033.68592123001
"7272","2003-11-28",1750,1871.42994140217
"7273","2003-11-29",3430,2030.94282176827
"7274","2003-11-30",3210,2650.4215000164
"7275","2003-12-01",2450,2577.93173356863
"7276","2003-12-02",1970,2261.48789387852
"7277","2003-12-03",1640,1917.18030698321
"7278","2003-12-04",1580,1754.9103004813
"7279","2003-12-05",2590,2054.87237822332
"7280","2003-12-06",3330,2330.32472316759
"7281","2003-12-07",3070,2308.5804106907
"7282","2003-12-08",2540,2115.99464638462
"7283","2003-12-09",2140,1924.70119837263
"7284","2003-12-10",2030,1836.3548694106
"7285","2003-12-11",3680,2649.88809138323
"7286","2003-12-12",4230,4385.13433706399
"7287","2003-12-13",3390,3504.77804619613
"7288","2003-12-14",2820,2651.56458165928
"7289","2003-12-15",2700,2478.66782798447
"7290","2003-12-16",2490,2742.60220070419
"7291","2003-12-17",2530,2904.08044584728
"7292","2003-12-18",3140,3275.41081139263
"7293","2003-12-19",3160,2791.64497462964
"7294","2003-12-20",2680,2312.34868345118
"7295","2003-12-21",2220,1988.05872373971
"7296","2003-12-22",1910,1828.8909194892
"7297","2003-12-23",1790,1895.2374677871
"7298","2003-12-24",2320,2451.97715332441
"7299","2003-12-25",3990,3861.3595834035
"7300","2003-12-26",3760,3352.080966868
"7301","2003-12-27",2940,2561.97675356277
"7302","2003-12-28",2410,2091.21692627299
"7303","2003-12-29",2070,1844.67666791002
"7304","2003-12-30",1940,2006.43328985355
"7305","2003-12-31",1940,2863.26855103009
"7306","2004-01-01",1810,2548.89396048612
"7307","2004-01-02",1920,3433.43047498673
"7308","2004-01-03",6130,12909.8314139166
"7309","2004-01-04",6130,8583.33074036394
"7310","2004-01-05",6110,5965.56381808386
"7311","2004-01-06",12400,7438.35318780732
"7312","2004-01-07",7850,9218.26676285953
"7313","2004-01-08",4660,6052.18092409879
"7314","2004-01-09",3630,3844.02702727573
"7315","2004-01-10",2960,2809.86437371989
"7316","2004-01-11",2390,2301.41271605979
"7317","2004-01-12",2030,2016.87926793753
"7318","2004-01-13",1840,1977.64835273577
"7319","2004-01-14",1690,2169.43303648967
"7320","2004-01-15",1590,2022.28298330768
"7321","2004-01-16",1480,1865.62396957803
"7322","2004-01-17",1360,1739.92155492201
"7323","2004-01-18",1550,1903.25804835038
"7324","2004-01-19",2990,2980.08505638838
"7325","2004-01-20",3340,3357.36045565027
"7326","2004-01-21",2610,2758.23532450387
"7327","2004-01-22",2160,2248.77623148193
"7328","2004-01-23",1890,1931.61100367339
"7329","2004-01-24",1680,1732.46909881904
"7330","2004-01-25",1590,1617.58508884506
"7331","2004-01-26",1690,2061.56892306648
"7332","2004-01-27",1650,2329.54604354784
"7333","2004-01-28",1640,2044.07086321095
"7334","2004-01-29",1540,1755.38549776977
"7335","2004-01-30",1430,1560.29042901416
"7336","2004-01-31",1340,1498.09013077443
"7337","2004-02-01",1210,1460.27261400287
"7338","2004-02-02",1130,1387.2485535171
"7339","2004-02-03",2270,1598.46466996832
"7340","2004-02-04",3590,2116.36301268622
"7341","2004-02-05",3000,2104.51749940059
"7342","2004-02-06",4520,3675.28307072656
"7343","2004-02-07",9640,6608.74129656182
"7344","2004-02-08",7480,7906.89273154972
"7345","2004-02-09",4650,5431.77149427554
"7346","2004-02-10",3580,3597.12721517342
"7347","2004-02-11",2920,2914.75955176588
"7348","2004-02-12",2450,2808.33081284697
"7349","2004-02-13",2140,2523.88693311624
"7350","2004-02-14",1900,2622.02808153216
"7351","2004-02-15",1750,2612.03554888784
"7352","2004-02-16",1680,3351.94171598861
"7353","2004-02-17",1580,2771.42251028023
"7354","2004-02-18",1490,2162.78074549406
"7355","2004-02-19",1540,1890.75992571828
"7356","2004-02-20",1630,1887.48744962927
"7357","2004-02-21",1800,2002.18280114434
"7358","2004-02-22",1790,2022.14782831288
"7359","2004-02-23",1640,1889.89051594429
"7360","2004-02-24",1520,1688.48284845343
"7361","2004-02-25",1420,1527.26108311037
"7362","2004-02-26",1320,1423.1752771525
"7363","2004-02-27",1260,1409.54722044466
"7364","2004-02-28",1180,1468.70356566505
"7365","2004-02-29",1100,1375.91515916176
"7366","2004-03-01",1040,1254.20822867315
"7367","2004-03-02",1070,1255.22149144238
"7368","2004-03-03",1220,1522.16801803199
"7369","2004-03-04",1240,2042.92211175816
"7370","2004-03-05",1200,1919.83162049267
"7371","2004-03-06",5240,8110.21712458191
"7372","2004-03-07",7170,5791.4390056941
"7373","2004-03-08",4660,3727.1583897462
"7374","2004-03-09",3520,2686.7999363191
"7375","2004-03-10",2860,2168.58797524886
"7376","2004-03-11",2360,1836.40196920943
"7377","2004-03-12",2030,1556.5863595509
"7378","2004-03-13",1800,1390.10679329572
"7379","2004-03-14",1610,1271.55837513701
"7380","2004-03-15",1470,1182.86307085922
"7381","2004-03-16",1660,1723.06953825185
"7382","2004-03-17",1960,2096.81647800922
"7383","2004-03-18",1840,2112.68691729753
"7384","2004-03-19",1670,1884.57661113493
"7385","2004-03-20",1500,1571.01543568131
"7386","2004-03-21",1420,1464.39878900324
"7387","2004-03-22",1360,1350.35563887064
"7388","2004-03-23",1270,1194.16100718482
"7389","2004-03-24",1170,1076.75189435786
"7390","2004-03-25",1100,992.123236714782
"7391","2004-03-26",1040,927.971070453791
"7392","2004-03-27",996,878.411394377583
"7393","2004-03-28",966,831.13437569085
"7394","2004-03-29",930,786.052322656467
"7395","2004-03-30",954,797.936507015722
"7396","2004-03-31",1290,1029.55351271172
"7397","2004-04-01",2010,1580.74649434047
"7398","2004-04-02",2480,1922.65902645004
"7399","2004-04-03",3220,1930.19078141797
"7400","2004-04-04",3380,1761.21539386853
"7401","2004-04-05",2830,1537.753984552
"7402","2004-04-06",2320,1339.44530473417
"7403","2004-04-07",1970,1175.15133285034
"7404","2004-04-08",1760,1054.37975185908
"7405","2004-04-09",1590,965.46981744028
"7406","2004-04-10",1430,899.717917420734
"7407","2004-04-11",1310,847.460064842293
"7408","2004-04-12",1320,855.946533292421
"7409","2004-04-13",4880,2730.76477687187
"7410","2004-04-14",14300,8925.48567041785
"7411","2004-04-15",10200,9815.19230560961
"7412","2004-04-16",6100,5708.14794860917
"7413","2004-04-17",4290,3386.36450157605
"7414","2004-04-18",3330,2375.71711593227
"7415","2004-04-19",2630,1878.05367031921
"7416","2004-04-20",2240,1586.18334481472
"7417","2004-04-21",2000,1420.38149578606
"7418","2004-04-22",1810,1293.40047161667
"7419","2004-04-23",1640,1194.12317584626
"7420","2004-04-24",1580,1221.82513193605
"7421","2004-04-25",1450,1207.5324972216
"7422","2004-04-26",2050,1517.50701977004
"7423","2004-04-27",5350,2277.0541178299
"7424","2004-04-28",4780,2976.75937983425
"7425","2004-04-29",3310,2635.55027258133
"7426","2004-04-30",2550,2021.3547943283
"7427","2004-05-01",2120,1594.85932554413
"7428","2004-05-02",1930,1361.69070466879
"7429","2004-05-03",2210,1274.81219164637
"7430","2004-05-04",2320,1436.34339253616
"7431","2004-05-05",1980,1362.9081782624
"7432","2004-05-06",1760,1192.72559364356
"7433","2004-05-07",1560,1041.73655811281
"7434","2004-05-08",1380,931.507913838452
"7435","2004-05-09",1220,853.915768612118
"7436","2004-05-10",1110,789.452148817121
"7437","2004-05-11",1090,739.682448079629
"7438","2004-05-12",1080,731.598024603989
"7439","2004-05-13",966,700.176840929039
"7440","2004-05-14",882,654.164819268532
"7441","2004-05-15",838,609.430778685892
"7442","2004-05-16",789,572.65211666724
"7443","2004-05-17",817,563.713074891728
"7444","2004-05-18",787,605.592761525371
"7445","2004-05-19",726,608.285206278336
"7446","2004-05-20",846,648.275015225657
"7447","2004-05-21",850,655.582207618661
"7448","2004-05-22",710,598.650414532686
"7449","2004-05-23",657,535.978998339595
"7450","2004-05-24",709,483.529498433611
"7451","2004-05-25",631,523.479877435279
"7452","2004-05-26",4470,626.398570631269
"7453","2004-05-27",3610,6970.95273939168
"7454","2004-05-28",6540,5322.3150220303
"7455","2004-05-29",5570,4014.22698060455
"7456","2004-05-30",3750,2785.18219120989
"7457","2004-05-31",9400,17301.4824715199
"7458","2004-06-01",15100,8273.23618148076
"7459","2004-06-02",6950,4312.94438681964
"7460","2004-06-03",4740,2789.5672430612
"7461","2004-06-04",4880,2482.34443220353
"7462","2004-06-05",10900,8035.53144876139
"7463","2004-06-06",7150,6131.53816450888
"7464","2004-06-07",4510,3302.5955964363
"7465","2004-06-08",3190,2169.64146200904
"7466","2004-06-09",3150,1645.95002742334
"7467","2004-06-10",2520,1374.38266955173
"7468","2004-06-11",2300,1207.60789435725
"7469","2004-06-12",2200,1100.9479919039
"7470","2004-06-13",3240,1509.53985599476
"7471","2004-06-14",3510,2973.91220831592
"7472","2004-06-15",4780,2535.84057150733
"7473","2004-06-16",6580,2134.00240632679
"7474","2004-06-17",5350,2073.61357481741
"7475","2004-06-18",4170,1933.65984337322
"7476","2004-06-19",3420,1592.27803454201
"7477","2004-06-20",2750,1369.33745900559
"7478","2004-06-21",2370,1206.24644679373
"7479","2004-06-22",1960,1062.71872215912
"7480","2004-06-23",1780,961.408575568836
"7481","2004-06-24",2910,1044.93673778252
"7482","2004-06-25",2580,1621.49543439423
"7483","2004-06-26",3890,5296.4347041801
"7484","2004-06-27",4230,5656.9495349367
"7485","2004-06-28",3010,2910.14291651509
"7486","2004-06-29",2290,1838.62456613563
"7487","2004-06-30",1860,1357.79006467418
"7488","2004-07-01",1570,1087.18002203744
"7489","2004-07-02",1380,913.244909769341
"7490","2004-07-03",1300,808.29605861579
"7491","2004-07-04",1240,793.793302672247
"7492","2004-07-05",1170,812.350153919611
"7493","2004-07-06",1160,797.341489550447
"7494","2004-07-07",1020,743.065519640588
"7495","2004-07-08",881,676.441410055386
"7496","2004-07-09",785,612.610220193864
"7497","2004-07-10",725,557.667522034201
"7498","2004-07-11",722,511.36204520976
"7499","2004-07-12",730,496.098761850255
"7500","2004-07-13",791,536.133543270574
"7501","2004-07-14",858,567.249879959163
"7502","2004-07-15",808,554.720898049296
"7503","2004-07-16",717,524.380831753599
"7504","2004-07-17",621,489.862249590857
"7505","2004-07-18",587,464.841558835794
"7506","2004-07-19",574,455.086271358541
"7507","2004-07-20",540,427.094743845131
"7508","2004-07-21",493,398.996281319524
"7509","2004-07-22",464,372.778568593105
"7510","2004-07-23",490,351.581063602751
"7511","2004-07-24",946,346.319811791019
"7512","2004-07-25",618,334.425434749592
"7513","2004-07-26",580,333.963863313814
"7514","2004-07-27",978,415.416259953672
"7515","2004-07-28",1460,615.604627829635
"7516","2004-07-29",1310,718.490487495994
"7517","2004-07-30",915,732.777430892699
"7518","2004-07-31",812,707.38650657851
"7519","2004-08-01",824,674.242401650726
"7520","2004-08-02",753,662.638475629692
"7521","2004-08-03",747,681.069054111282
"7522","2004-08-04",1250,699.489528051316
"7523","2004-08-05",871,682.805924519032
"7524","2004-08-06",718,646.803714427754
"7525","2004-08-07",748,663.154188032064
"7526","2004-08-08",654,647.954407198389
"7527","2004-08-09",552,604.585497741321
"7528","2004-08-10",497,554.584124474067
"7529","2004-08-11",462,502.855989599197
"7530","2004-08-12",493,517.763915960333
"7531","2004-08-13",904,665.875734703629
"7532","2004-08-14",886,726.9277514739
"7533","2004-08-15",765,671.998445179931
"7534","2004-08-16",609,588.039989253743
"7535","2004-08-17",559,514.711669915545
"7536","2004-08-18",652,458.706906855305
"7537","2004-08-19",560,420.019368668656
"7538","2004-08-20",492,385.829369329709
"7539","2004-08-21",497,359.213740207501
"7540","2004-08-22",494,360.923338766582
"7541","2004-08-23",489,390.801712911744
"7542","2004-08-24",443,383.255132276084
"7543","2004-08-25",404,362.593942949808
"7544","2004-08-26",377,347.300060285872
"7545","2004-08-27",381,330.260983668918
"7546","2004-08-28",374,308.483164261887
"7547","2004-08-29",343,284.180571137157
"7548","2004-08-30",421,275.102767444249
"7549","2004-08-31",554,357.242601245398
"7550","2004-09-01",442,375.502610362906
"7551","2004-09-02",360,345.558917027517
"7552","2004-09-03",319,307.471932610563
"7553","2004-09-04",298,273.794335647417
"7554","2004-09-05",285,246.111750919995
"7555","2004-09-06",271,223.788540734161
"7556","2004-09-07",269,205.906945128914
"7557","2004-09-08",537,333.287891700373
"7558","2004-09-09",2040,3768.85102854901
"7559","2004-09-10",1630,4513.42317056272
"7560","2004-09-11",1120,2257.18860342283
"7561","2004-09-12",775,1447.64598748876
"7562","2004-09-13",616,1091.02576493752
"7563","2004-09-14",522,883.46997059315
"7564","2004-09-15",453,766.254767969381
"7565","2004-09-16",406,688.651258986263
"7566","2004-09-17",1720,2047.30054387622
"7567","2004-09-18",5550,14862.4820188391
"7568","2004-09-19",5000,8418.96281722246
"7569","2004-09-20",2790,4254.39527792126
"7570","2004-09-21",1780,2586.75301261147
"7571","2004-09-22",1280,1909.78541878944
"7572","2004-09-23",1000,1548.05975632508
"7573","2004-09-24",836,1347.36059643649
"7574","2004-09-25",725,1204.59690556896
"7575","2004-09-26",641,1100.18280797024
"7576","2004-09-27",584,1020.99144859213
"7577","2004-09-28",627,1799.11801810869
"7578","2004-09-29",2120,3036.81006421819
"7579","2004-09-30",2360,2663.50198886119
"7580","2004-10-01",1500,2052.55809296229
"7581","2004-10-02",1130,1608.17902424604
"7582","2004-10-03",930,1351.66795063905
"7583","2004-10-04",810,1191.35279966248
"7584","2004-10-05",716,1077.77795386118
"7585","2004-10-06",634,989.178089012744
"7586","2004-10-07",574,915.17288279122
"7587","2004-10-08",529,855.005795751217
"7588","2004-10-09",496,799.22330731362
"7589","2004-10-10",473,748.668485808593
"7590","2004-10-11",451,703.558848909553
"7591","2004-10-12",447,661.702947371923
"7592","2004-10-13",532,785.011507407118
"7593","2004-10-14",672,1106.66409343216
"7594","2004-10-15",634,1617.77009607614
"7595","2004-10-16",612,1641.43035593377
"7596","2004-10-17",554,1356.00896365113
"7597","2004-10-18",500,1123.52579969721
"7598","2004-10-19",505,1342.69804558711
"7599","2004-10-20",586,1795.30150683898
"7600","2004-10-21",727,1713.19712411488
"7601","2004-10-22",704,1454.1945663378
"7602","2004-10-23",614,1251.31536820566
"7603","2004-10-24",582,1187.56179381029
"7604","2004-10-25",565,1247.98769700647
"7605","2004-10-26",587,1219.49264724198
"7606","2004-10-27",598,1272.53471397019
"7607","2004-10-28",1890,1794.5466184382
"7608","2004-10-29",3010,2834.32819522261
"7609","2004-10-30",2120,2438.88000043473
"7610","2004-10-31",1640,1918.11054173063
"7611","2004-11-01",1300,1542.91551159293
"7612","2004-11-02",1070,1332.12582990563
"7613","2004-11-03",921,1190.83392774836
"7614","2004-11-04",2310,1864.79790373992
"7615","2004-11-05",3440,3133.12443230869
"7616","2004-11-06",2430,2867.88897501787
"7617","2004-11-07",1850,2193.5376271454
"7618","2004-11-08",1470,1734.12720872236
"7619","2004-11-09",1190,1465.59101551321
"7620","2004-11-10",991,1307.57684646745
"7621","2004-11-11",867,1192.7139043353
"7622","2004-11-12",2080,1837.23108043233
"7623","2004-11-13",3150,2489.17760794949
"7624","2004-11-14",2600,2454.11519818684
"7625","2004-11-15",2020,2028.79809463344
"7626","2004-11-16",1640,1648.72599142937
"7627","2004-11-17",1390,1415.78974004145
"7628","2004-11-18",1210,1263.7665942012
"7629","2004-11-19",1090,1182.6094819105
"7630","2004-11-20",1040,1147.98375945399
"7631","2004-11-21",977,1097.45029900306
"7632","2004-11-22",893,1037.88459074273
"7633","2004-11-23",868,996.404657957341
"7634","2004-11-24",1430,1447.11271507519
"7635","2004-11-25",6000,3123.16798438518
"7636","2004-11-26",5490,3951.95896608867
"7637","2004-11-27",3840,2866.48178696737
"7638","2004-11-28",3010,2171.37371114733
"7639","2004-11-29",2440,1810.15088820665
"7640","2004-11-30",2130,1602.16505121108
"7641","2004-12-01",8480,1885.09876447016
"7642","2004-12-02",7550,3167.57360125098
"7643","2004-12-03",4860,3475.8313301089
"7644","2004-12-04",3430,2920.74488424844
"7645","2004-12-05",2610,2460.05548638535
"7646","2004-12-06",2330,2273.9624429191
"7647","2004-12-07",4830,2583.42889023924
"7648","2004-12-08",6380,3014.47359959085
"7649","2004-12-09",5880,3028.16520796314
"7650","2004-12-10",13500,3413.90789152537
"7651","2004-12-11",11400,4581.50764810539
"7652","2004-12-12",9500,4995.08586537805
"7653","2004-12-13",6240,4407.55513632758
"7654","2004-12-14",4390,3831.94156023097
"7655","2004-12-15",3370,3474.52612661089
"7656","2004-12-16",2670,3243.96031311498
"7657","2004-12-17",2240,3044.34604357788
"7658","2004-12-18",1960,2872.51023262774
"7659","2004-12-19",1760,2719.98320021287
"7660","2004-12-20",1570,2586.97826907009
"7661","2004-12-21",1370,2474.85754567827
"7662","2004-12-22",1260,2358.85233486724
"7663","2004-12-23",1370,2355.72887875101
"7664","2004-12-24",1700,2589.09209725538
"7665","2004-12-25",1620,2470.2461452824
"7666","2004-12-26",1470,2293.92428804841
"7667","2004-12-27",1330,2135.06274220375
"7668","2004-12-28",1180,2008.81323797524
"7669","2004-12-29",1070,1892.00231370644
"7670","2004-12-30",1020,1788.49603395801
"7671","2004-12-31",980,1703.13106528121
"7672","2005-01-01",939,1634.89218960862
"7673","2005-01-02",893,1581.67241542588
"7674","2005-01-03",841,1508.72389010974
"7675","2005-01-04",795,1430.59336411275
"7676","2005-01-05",777,1488.1502815176
"7677","2005-01-06",793,1593.85877593685
"7678","2005-01-07",876,1505.06718420739
"7679","2005-01-08",1580,2384.50011868488
"7680","2005-01-09",2300,2756.6241314104
"7681","2005-01-10",2060,2272.96416250536
"7682","2005-01-11",1920,1821.73425808027
"7683","2005-01-12",3090,3400.1553752573
"7684","2005-01-13",3290,3291.02132467974
"7685","2005-01-14",4390,4431.19913947453
"7686","2005-01-15",5940,4752.28270256878
"7687","2005-01-16",4610,3094.48032044046
"7688","2005-01-17",3410,2187.64067664986
"7689","2005-01-18",2570,1724.67546410121
"7690","2005-01-19",2050,1468.63498122832
"7691","2005-01-20",1810,1317.99430307933
"7692","2005-01-21",1650,1217.53763276463
"7693","2005-01-22",1550,1143.85552949367
"7694","2005-01-23",1500,1094.09459625345
"7695","2005-01-24",1400,1039.27925257895
"7696","2005-01-25",1230,986.387105683549
"7697","2005-01-26",1280,975.874692676283
"7698","2005-01-27",1250,1129.77137363081
"7699","2005-01-28",1250,1299.86644952151
"7700","2005-01-29",1320,1367.89915422315
"7701","2005-01-30",2700,1875.32331495911
"7702","2005-01-31",3990,3835.11299155421
"7703","2005-02-01",3530,3021.44075552323
"7704","2005-02-02",2870,2283.27537036627
"7705","2005-02-03",2670,1910.62035425577
"7706","2005-02-04",2570,1696.95135559613
"7707","2005-02-05",2340,1761.05691964741
"7708","2005-02-06",2100,1922.70425757181
"7709","2005-02-07",1900,2067.29863266336
"7710","2005-02-08",1760,2238.31108183897
"7711","2005-02-09",1660,2233.03077587912
"7712","2005-02-10",1630,2132.0040276553
"7713","2005-02-11",1630,2386.65627366013
"7714","2005-02-12",1540,2229.58071643921
"7715","2005-02-13",1460,1920.35561571389
"7716","2005-02-14",2100,2212.35085727643
"7717","2005-02-15",3420,3228.51635630469
"7718","2005-02-16",3250,3233.25581611074
"7719","2005-02-17",2750,2668.98607948749
"7720","2005-02-18",2320,2218.19961183853
"7721","2005-02-19",1970,1896.47174777814
"7722","2005-02-20",1750,1684.57407368063
"7723","2005-02-21",1680,1838.1719188799
"7724","2005-02-22",1670,2326.14984560268
"7725","2005-02-23",1560,2208.33698803786
"7726","2005-02-24",1460,1965.6706351717
"7727","2005-02-25",1410,1742.11041949321
"7728","2005-02-26",1330,1569.75880019269
"7729","2005-02-27",1220,1451.36090435594
"7730","2005-02-28",1420,1527.80391280293
"7731","2005-03-01",2220,2101.39710451387
"7732","2005-03-02",2220,2279.17951680796
"7733","2005-03-03",1940,2085.43656316194
"7734","2005-03-04",1810,1951.42070122254
"7735","2005-03-05",1980,2065.0359248585
"7736","2005-03-06",3450,2546.22161133909
"7737","2005-03-07",3870,2794.45354741523
"7738","2005-03-08",4720,3346.03216544342
"7739","2005-03-09",6900,4153.81906160835
"7740","2005-03-10",5150,3388.3756320466
"7741","2005-03-11",3990,2706.33994182265
"7742","2005-03-12",3390,2732.72261635748
"7743","2005-03-13",2980,3053.1084552947
"7744","2005-03-14",2910,2982.84215243423
"7745","2005-03-15",2800,2732.88181968554
"7746","2005-03-16",2600,2370.63645062032
"7747","2005-03-17",2520,2208.04744850862
"7748","2005-03-18",2460,2362.79435090875
"7749","2005-03-19",2360,2593.70858940387
"7750","2005-03-20",2240,2255.7849902956
"7751","2005-03-21",2090,1953.12390179445
"7752","2005-03-22",1920,1745.25378152362
"7753","2005-03-23",1920,1965.74616199412
"7754","2005-03-24",2220,2249.54916331776
"7755","2005-03-25",2420,2298.07045133549
"7756","2005-03-26",2370,2191.96490617687
"7757","2005-03-27",2200,1896.87557385888
"7758","2005-03-28",2650,2133.29808731822
"7759","2005-03-29",4370,3904.67803808515
"7760","2005-03-30",4800,3692.3219787947
"7761","2005-03-31",4040,2672.11201232808
"7762","2005-04-01",3290,2097.59912510638
"7763","2005-04-02",5840,3591.48748528095
"7764","2005-04-03",9300,8177.84140823458
"7765","2005-04-04",7460,6891.01866536955
"7766","2005-04-05",5660,3815.11435094103
"7767","2005-04-06",4300,2561.91993835266
"7768","2005-04-07",3490,2020.76468079825
"7769","2005-04-08",2970,1820.8245850784
"7770","2005-04-09",2610,1685.7596206173
"7771","2005-04-10",2280,1719.91706121001
"7772","2005-04-11",1990,1614.2677205213
"7773","2005-04-12",1860,1456.07569868446
"7774","2005-04-13",2390,1669.24662833014
"7775","2005-04-14",4780,2822.70572408376
"7776","2005-04-15",5160,3733.68962654637
"7777","2005-04-16",3820,2633.92529598271
"7778","2005-04-17",3010,1937.09173901821
"7779","2005-04-18",2520,1552.79004158956
"7780","2005-04-19",2200,1339.30228616077
"7781","2005-04-20",1960,1188.63491620974
"7782","2005-04-21",1770,1082.99525922788
"7783","2005-04-22",2010,1014.84117598892
"7784","2005-04-23",3180,1261.59983606061
"7785","2005-04-24",3500,1699.62570802535
"7786","2005-04-25",3120,2088.83179962761
"7787","2005-04-26",2760,1992.47702730625
"7788","2005-04-27",2780,1771.2030973227
"7789","2005-04-28",2650,1718.84053058172
"7790","2005-04-29",3080,2674.39985195501
"7791","2005-04-30",5440,3194.92538017566
"7792","2005-05-01",8040,4281.85482866917
"7793","2005-05-02",6950,3902.79070404588
"7794","2005-05-03",4780,2896.65942226598
"7795","2005-05-04",3590,2201.69080920471
"7796","2005-05-05",2810,1795.64582850608
"7797","2005-05-06",2310,1547.57417064968
"7798","2005-05-07",2000,1394.41237139036
"7799","2005-05-08",1760,1274.64552640581
"7800","2005-05-09",1560,1179.16747177228
"7801","2005-05-10",1440,1109.31535843779
"7802","2005-05-11",1520,1045.99147685523
"7803","2005-05-12",1320,987.61016898378
"7804","2005-05-13",1520,933.681325166141
"7805","2005-05-14",1350,939.180114252565
"7806","2005-05-15",2100,1171.97234463625
"7807","2005-05-16",1610,1232.26577529841
"7808","2005-05-17",1280,1119.53437195756
"7809","2005-05-18",1090,976.608464911339
"7810","2005-05-19",970,868.406394064476
"7811","2005-05-20",1370,1276.68412825352
"7812","2005-05-21",1830,1384.57183972507
"7813","2005-05-22",1440,1172.6572132288
"7814","2005-05-23",1280,1042.05451382925
"7815","2005-05-24",1300,949.016421965953
"7816","2005-05-25",1110,845.886680294977
"7817","2005-05-26",1010,760.940926099045
"7818","2005-05-27",908,689.337083255228
"7819","2005-05-28",830,629.850515162769
"7820","2005-05-29",776,580.426018488223
"7821","2005-05-30",729,539.653058816635
"7822","2005-05-31",687,502.596715605646
"7823","2005-06-01",643,469.043903489286
"7824","2005-06-02",665,478.294964715149
"7825","2005-06-03",713,509.758429895158
"7826","2005-06-04",703,552.198002320553
"7827","2005-06-05",742,573.629775160494
"7828","2005-06-06",734,563.423119581086
"7829","2005-06-07",646,566.747780123912
"7830","2005-06-08",586,576.161213546462
"7831","2005-06-09",537,569.754262249537
"7832","2005-06-10",541,580.384012861198
"7833","2005-06-11",525,544.894209694204
"7834","2005-06-12",482,494.92884157929
"7835","2005-06-13",452,451.839427084922
"7836","2005-06-14",439,421.198977229937
"7837","2005-06-15",437,416.606074192793
"7838","2005-06-16",479,408.866410628162
"7839","2005-06-17",426,391.042476635869
"7840","2005-06-18",374,367.881608641222
"7841","2005-06-19",348,344.237570995768
"7842","2005-06-20",375,327.452380563442
"7843","2005-06-21",389,304.082196011458
"7844","2005-06-22",372,285.078502388245
"7845","2005-06-23",327,267.563152336564
"7846","2005-06-24",306,250.13021014844
"7847","2005-06-25",288,233.302354788873
"7848","2005-06-26",277,216.857741696856
"7849","2005-06-27",270,200.963308347196
"7850","2005-06-28",263,188.303817883595
"7851","2005-06-29",274,178.395978430992
"7852","2005-06-30",360,167.875050057405
"7853","2005-07-01",362,178.600946028097
"7854","2005-07-02",598,218.824044111268
"7855","2005-07-03",545,264.970640584983
"7856","2005-07-04",363,279.201668976487
"7857","2005-07-05",394,291.973577784365
"7858","2005-07-06",567,322.181150992891
"7859","2005-07-07",1080,503.387221652946
"7860","2005-07-08",4700,4041.55568717061
"7861","2005-07-09",2530,3694.80213915968
"7862","2005-07-10",1410,1865.2497148394
"7863","2005-07-11",898,1217.90042233028
"7864","2005-07-12",683,905.890874516848
"7865","2005-07-13",577,746.939691938451
"7866","2005-07-14",622,741.382982195428
"7867","2005-07-15",630,725.316909303439
"7868","2005-07-16",637,806.018052810664
"7869","2005-07-17",621,850.592920570076
"7870","2005-07-18",644,801.495701844317
"7871","2005-07-19",789,843.490858260011
"7872","2005-07-20",1810,872.176926936526
"7873","2005-07-21",1180,868.012039741235
"7874","2005-07-22",831,758.160869937174
"7875","2005-07-23",884,731.246573733475
"7876","2005-07-24",736,683.54861183716
"7877","2005-07-25",573,620.702637689621
"7878","2005-07-26",486,561.634237252003
"7879","2005-07-27",439,510.576223071034
"7880","2005-07-28",411,478.292090568273
"7881","2005-07-29",1230,527.280360083287
"7882","2005-07-30",952,577.925149806554
"7883","2005-07-31",736,546.391681882625
"7884","2005-08-01",880,506.694634940309
"7885","2005-08-02",811,479.704781639286
"7886","2005-08-03",584,448.378349108142
"7887","2005-08-04",474,420.321235368524
"7888","2005-08-05",408,389.758908450516
"7889","2005-08-06",380,360.785988753513
"7890","2005-08-07",374,339.32633025952
"7891","2005-08-08",483,363.19280060492
"7892","2005-08-09",485,403.415906060634
"7893","2005-08-10",495,414.822719421046
"7894","2005-08-11",446,409.457918343446
"7895","2005-08-12",388,396.608399577585
"7896","2005-08-13",345,378.624225497848
"7897","2005-08-14",323,358.555662753872
"7898","2005-08-15",307,336.302109992073
"7899","2005-08-16",294,316.327810784451
"7900","2005-08-17",301,316.15163869809
"7901","2005-08-18",663,419.814658310798
"7902","2005-08-19",661,448.938387299091
"7903","2005-08-20",471,434.766877941352
"7904","2005-08-21",391,430.421218263286
"7905","2005-08-22",350,432.722249542651
"7906","2005-08-23",323,429.144553631568
"7907","2005-08-24",338,414.806565381149
"7908","2005-08-25",289,392.028021125252
"7909","2005-08-26",267,365.348336916415
"7910","2005-08-27",256,339.555796829659
"7911","2005-08-28",249,316.840292888674
"7912","2005-08-29",269,297.806115057661
"7913","2005-08-30",292,313.635437227752
"7914","2005-08-31",281,318.426760959472
"7915","2005-09-01",274,309.723311621984
"7916","2005-09-02",257,295.902649925844
"7917","2005-09-03",240,279.524842858404
"7918","2005-09-04",227,263.126127450958
"7919","2005-09-05",217,246.828152255805
"7920","2005-09-06",204,231.187180202414
"7921","2005-09-07",194,216.72734582056
"7922","2005-09-08",182,202.802380370067
"7923","2005-09-09",175,189.825311604211
"7924","2005-09-10",169,178.241595426033
"7925","2005-09-11",173,167.044841405345
"7926","2005-09-12",168,156.024959367701
"7927","2005-09-13",165,146.521180162776
"7928","2005-09-14",155,139.439401006128
"7929","2005-09-15",152,131.721495058389
"7930","2005-09-16",147,123.610463377847
"7931","2005-09-17",161,118.747382966897
"7932","2005-09-18",153,120.863184154473
"7933","2005-09-19",155,120.132332115942
"7934","2005-09-20",154,117.486132461734
"7935","2005-09-21",147,113.459835945923
"7936","2005-09-22",141,108.407094950131
"7937","2005-09-23",140,102.600790291943
"7938","2005-09-24",134,96.3394057639527
"7939","2005-09-25",130,89.8358354758862
"7940","2005-09-26",143,84.6198207889294
"7941","2005-09-27",150,87.0824113259816
"7942","2005-09-28",143,92.8238873054251
"7943","2005-09-29",152,99.8263243465207
"7944","2005-09-30",162,109.299550151712
